Id,NAME,ADDRESS,CITY,STATE,ZIP,LAT,LON,PHONE,REVENUE,UTILIZATION,NPI
588f6ce6-b8db-3588-8189-29db2680a313,BOSTON HEALTH CARE FOR THE HOMELESS PROGRAM INC,461 WALNUT AVE,JAMAICA PLAIN,MA,21302331,42.3115876,-71.09800136347226,8576541550,0.0,4621,1942663851
b6398e07-4967-31a5-807f-380039a1f303,EDWARD M KENNEDY COMMUNITY HEALTH CENTER INC,19 TACOMA ST,WORCESTER,MA,16053516,42.30230485,-71.76614692511056,5088521805,0.0,1558,1609842152
faffaf6a-ee1a-3673-b0b0-421a9c249244,ACTIVATED BY WELLNESS LLC,66 WASHINGTON ST,STOUGHTON,MA,20722571,42.14415820061801,-71.10378319512402,6178719807,0.0,16527,1386194611
e09d4c49-c2ef-3b0f-9a46-3719d9219306,UMASS MEMORIAL HEALTHALLIANCE CLINTON HOSPITAL INC,60 HOSPITAL RD,LEOMINSTER,MA,14533290,42.54031915,-71.76312990486304,9784662000,0.0,40,1013995133
77645e49-3f69-3d1d-bb93-dc65210e2fac,SOUTHCOAST HOSPITALS GROUP INC,363 HIGHLAND AVE,FALL RIVER,MA,27205246,41.7093779,-71.1460783680883,5086793131,0.0,9,1306871223
d2284f74-b6da-3a15-9791-84cdf2db18fb,EAST FALMOUTH FAMILY PRACTICE PC,331 E FALMOUTH HWY,E FALMOUTH,MA,25366039,41.57853245,-70.5617374807812,5084950704,0.0,137,1235184334
03d0392a-7361-32b3-81c9-8c8ac985be00,AMERICAN CHINESE MEDICAL CENTER PC,280 WASHINGTON ST STE 204,BROOKLINE,MA,24451922,42.33302785,-71.1193506756953,6177837333,0.0,2703,1780803726
2f4e1b5e-e2ad-3081-80f5-4521124e9d28,EVERGREEN WELLNESS CENTER  LLC,171 HIGHLAND ST APT 303,TAUNTON,MA,27804446,41.8946107,-71.11113,5083862094,0.0,733,1467063875
2936ca90-6594-357d-be14-53fe0ab84dd1,KINGSBURY PRIMARY CARE PC,11 TREMONT ST,KINGSTON,MA,23641231,42.00823215,-70.72984043580247,7815855518,0.0,32679,1902103385
e3089df2-a1db-372a-b660-30392d8c197b,PIONEER FAMILY HEALTH CARE LLC,178 N MAIN ST,SHARON,MA,20671229,42.13301625,-71.17263163492832,6176948356,0.0,1809,1740874957
42d4b607-f14d-370a-818e-40965685776c,TRINITY FAMILY MEDICINE,3 WASHINGTON ST STE 220,NORTH EASTON,MA,23561034,42.0667665,-71.1036592,5082300155,0.0,45096,1629221965
71472d9b-aa5c-3b49-a5c3-d0eee8859015,BOURNE FAMILY MEDICINE PC,118 WATERHOUSE RD STE C,BOURNE,MA,25328305,41.7281115,-70.5861571324252,5087430899,0.0,73,1295149748
88e28a1c-aad9-36d0-832b-b579ecb95c3d,LEOMINSTER COMUNITY HEALTH CENTER,14 MANNING AVENUE,LEOMINSTER,MA,14535768,42.5253035,-71.7584413,9788470110,0.0,5714,1891953048
4cf79e95-2815-3a4c-a3b8-951fe548dd27,BERKSHIRE FAMILY PRACTICE ASSOCIATES PC,20 ELM ST,PITTSFIELD,MA,12016502,42.4458896,-73.2448206979669,4134453131,0.0,103,1952963548
65450d34-6d61-3601-b325-9d471587b016,MEDICAL HEALTHCARE SPECIALISTS P.C.,4 COURTHOUSE LN,CHELMSFORD,MA,18241731,42.62439345,-71.35881000636567,9784598400,0.0,951,1013974013
0c8cc36b-3025-37ad-b7ab-50ea3aeea5a8,SOUTH SHORE MEDICAL CENTER  INC.,143 LONGWATER DRIVE,WEYMOUTH,MA,21902432,42.2212188,-70.9391625,7817924191,0.0,2314,1669411856
3f4167a5-1477-35da-a456-fc05c8858aa7,TOTAL WELLNESS CENTERS LLC,244 MAIN STREET ANNEX,WORCESTER,MA,16023339,42.2625621,-71.8018877,4135842173,0.0,734,1770816506
75f0d4cd-dbbb-3037-b6ad-2e99665728c7,HIGUCHI MEDICAL CARE  PLLC,70 FULTON ST,BOSTON,MA,21091402,42.362439499999994,-71.05377386223965,6178435001,0.0,3093,1598366098
39104cad-5228-3e07-9b3e-3ad736b33d5d,GREATER BOSTON WELLNESS PRIMARY CARE PC,200 PROVIDENCE HWY,DEDHAM,MA,20261881,42.22214545274341,-71.18159060546684,7814610660,0.0,1487,1073090692
a3a72023-3f37-3d77-be82-62085a912993,CITY OF SPRINGFIELD,311 STATE STREET,SPRINGFIELD,MA,11051140,42.10500795,-72.58124154847081,4137876456,0.0,2477,1962531004
1311c44a-85cb-3aea-a143-e5d7892ced8b,GROVE HILL MEDICAL CENTER PC,300 KENSINGTON AVE,SPRINGFIELD,MA,11071139,42.091896,-72.559437,8602246201,0.0,9390,1255448155
817a1428-2045-3e89-9fa2-ef7d287d6fa5,GREATER LAWRENCE FAMILY HEALTH CENTER INC,70-71 N PARISH RD,LAWRENCE,MA,1843,42.690315,-71.150015,9786814769,0.0,5838,1679786784
4bf8af75-4da2-331d-b94e-9975a887face,NANTUCKET COTTAGE HOSPITAL,57 PROSPECT ST,NANTUCKET,MA,25542799,41.27514065,-70.10108985970798,5088258100,0.0,53,1477021608
50a91b37-cb62-3883-aa31-33802f142c2d,WELLESLEY PRIMARY CARE MEDICINE  PC,65 WALNUT ST,WELLESLEY,MA,24812112,42.32473045,-71.25364984557581,7814312345,0.0,833,1750502795
9a9bf61e-44d3-32fd-a027-7138369b1716,ANCHOR MEDICAL GROUP AND WELLNESS CENTER PC,194 ROCKDALE AVE,WEYMOUTH,MA,21882519,42.2212188,-70.9391625,5089510847,0.0,2107,1245615046
f945589f-88aa-366b-9e9d-2418d091112d,CENTER FOR DIGESTIVE WELLNESS PC,105 ERDMAN WAY,LEOMINSTER,MA,14531805,42.54685255,-71.75737313871981,9785377552,0.0,1462,1346679867
643eac8e-1620-3b6a-b9f3-664b003d22cd,GIFFORD STREET WELLNESS CENTER LLC,34 GIFFORD ST,NEW BEDFORD,MA,27442610,41.6177929,-70.91890087055067,5089993126,0.0,2587,1891142154
5fcff9db-16e4-3e56-aa78-abbc16338097,THE LOWELL GENERAL HOSPITAL,295 VARNUM AVE,WESTFORD,MA,18863513,42.5792583,-71.4378411,9789376000,0.0,314,1407804669
40c01d75-1542-3e0b-8e5f-78d3031beba1,PIONEER MEDICAL CENTER,505 PARADISE RD,SALEM,MA,19704267,42.485927,-70.900301,9787459449,0.0,6775,1730202367
84abfbd5-41c1-3df4-9b31-7ca93cb2309a,SKIN WELLNESS PHYSICIANS LLC,85 HERRICK ST,BEVERLY,MA,19151790,42.56415055,-70.8751357650672,9785247933,0.0,3663,1538500988
2617efb0-1afe-3c9c-afbe-2ca94f9c198c,PINNACLE HEALTHCARE SERVICES LLC,140 WOOD RD,WEYMOUTH,MA,21901338,42.2212188,-70.9391625,7818841539,0.0,2486,1942635339
93c3d861-e05d-33b9-91eb-1768470229d7,PAIN AND WELLNESS CENTER,10 CENTENNIAL DR,PEABODY,MA,19607938,42.5261827,-70.9529896,9788267230,0.0,2793,1922064112
c272e12f-e154-3fee-b05d-b7c0cab2657d,STEWARD NORWOOD HOSPITAL INC,800 WASHINGTON ST,NORWOOD,MA,20623487,42.1886973,-71.2005241,7817692950,0.0,1046,1659684348
f6a306cf-7bd6-35f4-a6b7-2d07d273914c,APPLE MEDICAL CLINIC MA INC,63 FOUNTAIN ST STE 402,FRAMINGHAM,MA,17026280,42.27595495,-71.42631150114194,5088611150,0.0,3579,1053902957
e49b692f-cccc-3cd5-93df-6db63dfc3e4a,QUINCY CENTER PRIMARY CARE PC,1250 HANCOCK ST STE 104N,QUINCY,MA,2169,42.2517569,-71.0033967,6173283998,0.0,1322,1588864763
0ddb0329-b59d-3187-874c-602c649249c8,BAYSTATE NOBLE HOSPITAL CORPORATION,115 W SILVER ST,WESTFIELD,MA,10853678,42.1178811,-72.75935246865802,4135682811,0.0,23,1245272012
5f7663da-4b19-3629-b8f2-fb07d75421d9,ESSEX COUNTY PRIMARY CARE,42 ASBURY ST,SOUTH HAMILTON,MA,19821808,42.61322825,-70.87300675048934,9782338120,0.0,1036,1174191837
bb3d48eb-0c30-34f4-8950-790fc984741b,SOUTH END COMMUNITY HEALTH CENTER INC,1601 WASHINGTON STREET,BOSTON,MA,21181951,42.3381394,-71.0748562,6174252000,0.0,1351,1558310052
bf556284-7513-3620-a10e-5393183a9a87,STEWARD ST. ANNES HOSPITAL CORPORATION,795 MIDDLE ST,FALL RIVER,MA,27211733,41.6924092,-71.16345107025307,5086745600,0.0,13,1295027134
9fd71acd-3535-353d-975f-ed7dbf5f9961,CORNERSTONE FAMILY MEDICINE  INC.,250 GREEN ST,GARDNER,MA,1440,42.586896550000006,-71.98672640006858,9786690199,0.0,55,1619966421
e93b27a8-6507-3595-84a5-f899ce23a72d,HOLY FAMILY MEDICAL SPECIALTY PRACTICE PLLC,70 EAST STREET,NORTH ANDOVER,MA,18456144,42.6839894,-71.1127065,9786872273,0.0,7458,1922553486
2b84e56e-08b4-3078-b3ea-4d159208e065,HORIZONS HEALTH & WELLNESS LLC,1029 PLEASANT ST,BRIDGEWATER,MA,23242301,41.9718173,-71.00937893001648,7815859522,0.0,7679,1467837963
4ffa4412-1493-3beb-b8f0-6614dde953a4,SOUTHCOAST HOSPITAL GROUP  INC,363 HIGHLAND AVENUE,WAREHAM,MA,25715011,41.745636,-70.658192,5086793131,0.0,124,1922024835
ede4a423-6258-3ef5-b5ba-0fa6bb579563,COMMUNITY HEALTH CONNECTIONS,326 NICHOLS ROAD,FITCHBURG,MA,14205478,42.5974358,-71.80761197366103,9788788100,0.0,968,1811149586
69eae27b-7445-3652-bd34-b535abe0b011,MANET COMMUNITY HEALTH CENTER  INC.,9 BICKNELL ST,QUINCY,MA,21696003,42.252227399999995,-70.96584679278924,6174714715,0.0,11488,1891731956
dd9914b0-9491-3330-a890-d34e95e497ea,CHILD & FAMILY SERVICES  INC.,1061 PLEASANT ST,NEW BEDFORD,MA,27406728,41.64280275,-70.92865004309593,5089968572,0.0,7903,1205813540
4c1a8ea6-b690-3c28-a02e-ebd82190ee65,SOUTH COVE COMMUNITY HEALTH CENTER  INC,885 WASHINGTON ST,BOSTON,MA,21111415,42.3479909,-71.064924,6174827555,0.0,720,1700801263
b6eeaaf7-1683-3bcb-b6ee-81ce304636ef,MELROSEWAKEFIELD HEALTHCARE  INC,170 GOVERNORS AVE,MELROSE,MA,21763225,42.4564323,-71.064182,7819793050,0.0,1482,1891835351
1c42af32-f17e-32ec-b007-4ff8e2de493e,GOOD SAMARITAN MEDICAL CENTER,235 NORTH PEARL STREET,STOUGHTON,MA,20723396,42.1004556,-71.0668392,5084273000,0.0,71,1881906337
ed5fc1f7-0ecb-3973-a5fc-89f80c6f5c9f,CORNERSTONE FAMILY PRACTICE,303 C HAVERHILL STREET,ROWLEY,MA,19692101,42.704962,-70.90837,9789483902,0.0,1035,1023005493
12dc66ee-e2c7-3d5a-892e-157ff1d47f32,HENRY HEYWOOD MEMORIAL HOSPITAL,242 GREEN ST,WINCHENDON,MA,14751820,42.68061,-72.060691,9786323420,0.0,6,1205823879
65eda534-1bdc-3192-8d02-1c3764447790,PERSONAL PHYSICIANS HEALTHCARE PC,1244 BOYLSTON ST,CHESTNUT HILL,MA,24672115,42.3214927,-71.1711481,6177310058,0.0,9508,1942405782
d613e441-68e8-3502-8adb-3f770a1276bf,PALMER FAMILY SERVICES LLC,114 WATER ST,MILFORD,MA,17573007,42.13661855,-71.53474614336832,5084782008,0.0,31573,1063613560
de29a374-221b-3cb4-8051-a02c1a35e5b7,FAMILY MEDICINE ASSOCIATES OF SOUTH ATTLEBORO  P.C.,562 WASHINGTON ST,SOUTH ATTLEBORO,MA,27036942,41.91289205,-71.36135809627689,5087615650,0.0,152,1750309431
b03b624d-c939-3688-986d-9555b8009a3b,HOLYOKE HEALTH CENTER INC,230 MAPLE ST,HOLYOKE,MA,10405144,42.207406,-72.608419,4134202122,0.0,20908,1740271022
ff6d901b-6850-378b-87d0-97a8c499aa43,ADVANTAGE HEALTH & WELLNESS INC,935 WASHINGTON ST,NORWOOD,MA,20623411,42.18396765,-71.2037844209652,7817696791,0.0,869,1407144454
ea153d0a-9ccc-3769-9a25-934b417071b7,NEW ENGLAND FAMILY HEALTH LLC,463 WORCESTER RD,FRAMINGHAM,MA,17015354,42.3095704,-71.4413097,5082150015,0.0,5914,1790990463
d3085315-9893-34c7-8889-3a31dc17c2b0,WALPOLE MEDICAL CENTER  PC,1428 MAIN ST STE 7,WALPOLE,MA,20811729,42.1325911,-71.2618886,5086686600,0.0,34429,1174052351
ace1ac31-036a-38fd-b451-b3b87157c717,BOSTON HEALTH CARE FOR THE HOMELESS PROGRAM INC,170 MORTON ST,BOSTON,MA,21303735,42.299067750000006,-71.10124351911541,6179830351,0.0,4470,1962645572
18061fd5-fda8-3e2d-87f0-0f3c87211bcc,CAMBRIDGE PUBLIC HEALTH COMMISSION,1493 CAMBRIDGE ST,SOMERVILLE,MA,21431408,42.3875968,-71.0994968,6176651000,0.0,949,1447348313
1faab3d1-2ae5-3110-8e5f-c65b92ca906d,FAIRVIEW HOSPITAL,29 LEWIS AVE,GREAT BARRINGTON,MA,12301713,42.19093125,-73.3715000043024,4135280790,0.0,7,1174689467
c64c848c-0315-3115-87fa-80c360bb6a73,FENWAY COMMUNITY HEALTH CENTER  INC,142 BERKELEY ST,BOSTON,MA,21164608,42.3489076,-71.0721378,6172477555,0.0,5366,1982995197
2d368a24-7410-3be2-ab17-da96581aabad,WEST SUBURBAN INTERNISTS INC,65 WALNUT ST.,WELLESLEY,MA,24812188,42.32473045,-71.25364984557581,7812373395,0.0,714,1225130248
20e0567a-b9bf-3dd8-92b3-6a61b5628069,TUFTS MEDICAL CENTER EP LLC,800 WASHINGTON ST,BOSTON,MA,21111552,42.349439700000005,-71.06308467518953,6176364721,0.0,455,1609015262
7e97f720-f99d-3402-98a4-a144aaa5bd01,COMMUNITY HEALTH CENTER OF CAPE COD  INC.,210 JONES RD,FALMOUTH,MA,25402974,41.5614958,-70.6117407224321,5084777090,0.0,1894,1285836080
811cc811-0061-341c-a719-9ba7ef8dc699,ISLAND HEALTH INC.,245 VINEYARD HAVEN-EDGARTOWN ROAD,EDGARTOWN,MA,25396941,41.395500350000006,-70.5300948008162,5089399358,0.0,18000,1316077464
d17688c1-9cc8-3e68-980f-82fe1ed685fe,MINDFUL MEDICAL CARE PC,100 TEATICKET HWY,TEATICKET,MA,25365678,41.56361395,-70.59806084770075,6037599413,0.0,324,1093103087
084b19be-a78e-3626-b156-a50134fa7fe2,DIAMOND EDGE HEALTHCARE  LLC,10 RESEARCH PL STE 202,NORTH CHELMSFORD,MA,18632439,42.6389798,-71.3828403,9782751390,0.0,851,1265049514
acffdfa8-1383-3929-8c99-e73969491439,BRIGHAM AND WOMEN'S FAULKNER HOSPITAL  INC.,1153 CENTRE ST,BOSTON,MA,21303446,42.3017598,-71.12855793387442,6179837470,0.0,361,1033121025
ca2937a1-8877-31a2-9d38-561bd300b3e3,BOSTON HEALTH CARE FOR THE HOMELESS PROGRAM INC,780 ALBANY STREET,BOSTON,MA,21182755,42.33364525,-71.07279114401811,8576541000,0.0,637,1033157771
45ce6eff-535b-37e2-bed3-1946200aa03f,WORCESTER RECOVERY CENTER AND HOSPITAL,309 BELMONT STREET,WORCESTER,MA,16041059,42.280233499999994,-71.7694812367883,5087524681,0.0,55,1306903042
1e11392b-1278-3e70-93cd-f396cbd0c265,VHS ACQUISITION SUBSIDIARY NUMBER 9  INC.,115 LINCOLN ST,NATICK,MA,17607700,42.2843753,-71.3441395,5086507000,0.0,2097,1700858560
6cf8a214-8d57-3267-85e5-7719e15cd63e,LEMUEL SHATTUCK HOSPITAL,170 MORTON STREET,JAMAICA PLAIN,MA,21303735,42.299067750000006,-71.10124351911541,6175228110,0.0,1623,1568532273
4bc0cc09-77e5-37f5-844d-64a6637cae54,WESTERN MASSACHUSETTS HOSPITAL,91 EAST MOUNTAIN ROAD,WESTFIELD,MA,10851801,42.110743549999995,-72.70066160206358,4135624131,0.0,27,1437216132
b4e81d20-a3d6-39db-8b04-bcc4ab5de7b2,EDWARD M KENNEDY COMMUNITY HEALTH CENTER INC,354 WAVERLY ST,FRAMINGHAM,MA,17027079,42.276938650000005,-71.41386787587439,5083700113,0.0,3922,1154600344
0fedae9f-701f-3317-9b2f-69aea2202cdc,BOSTON MEDICAL CENTER CORPORATION-,88 EAST NEWTON STREET,WINTHROP,MA,21522715,42.3750976,-70.982827,6176388000,0.0,3388,1346218294
9043e647-568d-3e87-9fc0-756a416392d3,INTERNAL MEDICINE PHYSICIANS OF THE NORTH SHORE,27 CENTENNIAL DR,PEABODY,MA,1960,42.52388415,-70.9519832,9785317677,0.0,2915,1851498166
4b7c1695-a178-3e03-8651-51acfd3b8372,DOCTORS JAMES AND KELLY HOYE PARTNERS IN FAMILY CARE,600 OLD SOMERSET AVE,NORTH DIGHTON,MA,27641824,41.86399,-71.1244904,5088247557,0.0,1881,1053379123
a3327df4-d092-350b-b551-e60c82076c9a,WEST BROOKFIELD FAMILY PRACTICE,46 NORTH MAIN ST,W BROOKFIELD,MA,15853232,42.23754835,-72.13791547215251,5088678977,0.0,30,1205032463
aade280a-3b90-3e48-9648-91109a964a63,AP MEDICAL LLC,909 SUMNER ST,DARTMOUTH,MA,27473826,41.6332267,-70.9879928,5089715190,0.0,847,1558937656
981338c4-287c-3621-bc45-8b0b9f1b8922,DR. HE'S PRIMARY CARE FOR ADULTS INC,640 BOLTON ST,MARLBOROUGH,MA,17523999,42.3658183,-71.55914630258509,5084810200,0.0,57,1083928394
e59fb2d5-508c-38c6-af2e-21d8216dd2b0,BAYSTATE MEDICAL CENTER,759 CHESTNUT ST,WARE,MA,10821625,42.256476,-72.237482,4137940000,0.0,89,1487655064
1e8b3677-a601-3afa-8a48-a978d873c271,BOSTON HEALTH CARE FOR THE HOMELESS PROGRAM INC,444 HARRISON AVE,BOSTON,MA,21182404,42.3432437,-71.0644988,8576541850,0.0,1127,1205080348
84de2bcf-1b1a-3ce2-9f6d-9e0cb34991f6,VANTAGE HEALTHCARE LLC,45 DAN RD,WELLESLEY,MA,24813503,42.2964859,-71.2925571,7818672050,0.0,3090,1366903551
ecadbc11-930c-3903-b706-f8ef4bc9089e,PRIMARY CARE ASSOCIATES LLC,780 CHESTNUT ST,SPRINGFIELD,MA,11031109,42.1211633,-72.60614164702717,4137872800,0.0,7808,1922070341
0f9d1260-db33-3483-b2b6-5483cfcb739c,ENHANCED MEDICAL CARE  LLC,361 WOODWARD ST,WABAN,MA,24682027,42.326011949999994,-71.2254251580706,6177774080,0.0,4911,1952525867
980d9bfa-a344-3bff-8c02-232dd0e8fd34,EDEN HOME HEALTH CARE LLC,100 TRADE CENTER SUITE G-700,WOBURN,MA,18011851,42.4792618,-71.1522766,7812025401,0.0,9367,1538526207
f480acd0-7ef1-350d-aae6-d8e7d53ace57,MANET COMMUNITY HEALTH CENTER  INC.,1193 SEA ST,QUINCY,MA,21693544,42.26883395,-70.95264075087945,6174718683,0.0,17793,1376574103
440fa4b8-c731-3cf5-81d9-aa3f30a37b95,LAHEY HOSPITAL & MEDICAL CENTER  BURLINGTON,41 & 45 MALL ROAD,PEABODY,MA,19602901,42.5278731,-70.9286609,7817445100,0.0,389,1558392563
0fab3c4e-a028-39a6-b15a-be5a88b6aa2a,ENCOMPASS HEALTH REHAB HOSPITAL OF WESTERN MASS,222 STATE STREET,LUDLOW,MA,10563437,42.15547415,-72.47222226666076,4135897581,0.0,1542,1912971854
3b021cb6-4745-3d9d-8436-230055f770bd,BETH ISRAEL DEACONESS HOSPITAL-NEEDHAM  INC.,148 CHESTNUT ST,NEEDHAM,MA,24943238,42.27728075,-71.23665362814043,7814533000,0.0,690,1205893450
7b95b4ab-5bb6-3abc-b0e5-02689f84228d,READING INTERNAL MEDICINE ASSOCIATES INC,20 POND MEADOW DR,READING,MA,18673261,42.5166455,-71.09917578750729,7819440040,0.0,1912,1063635456
86880e58-8753-3c63-b057-33781df70528,WELLNESS WITH LANEY LLC,49 SAMOSET AVE,HULL,MA,20452512,42.2810432,-70.8703157542509,4133451564,0.0,550,1649932377
36705572-6b8a-337d-9d01-be1087ce4650,INTERNAL MEDICINE AND PREVENTIVE CARE PC,233 WINTHROP ST,TAUNTON,MA,27804428,41.89112605,-71.11254102062864,5088800070,0.0,1045,1013961689
34f0b10a-5e29-31de-a75e-e0bb03c0c0d4,WESTON PRIMARY CARE  PC,56 COLPITTS RD,WESTON,MA,24931568,42.36610065,-71.3036759,7818910906,0.0,47018,1982885083
e9a24be5-b0a3-3fd2-a606-dd13498024ea,NORTON HEALTH CARE PC,85 E MAIN ST STE A,NORTON,MA,27662307,41.971697,-71.17689334021827,5089301927,0.0,10808,1881015337
545ea18f-060c-389b-98f8-b6943979c207,PRIMARY CARE PHYSICIAN NORTH PC,6 ESSEX CENTER DR STE 201,PEABODY,MA,19602906,42.539944,-70.950156,9785584050,0.0,745,1902363294
57e4e5fa-d68d-3caa-a5ad-37beb1b51207,STEWARD NORWOOD HOSPITAL INC,800 WASHINGTON ST,NORWOOD,MA,20623487,42.1886973,-71.2005241,7812784120,0.0,1117,1851809776
c92cc255-6778-3307-8092-987d667be4ce,SALEM FAMILY HEALTH CENTER,89 FOSTER ST,PEABODY,MA,19608925,42.5278731,-70.9286609,9785324903,0.0,4232,1124373022
00ffb204-07b4-3c72-a678-fa252e6cf86c,BEDFORD-LEXINGTON INTERNAL MEDICINE  PC,450 BEDFORD ST,LEXINGTON,MA,2420,42.47370735,-71.25090005,7812746274,0.0,8220,1750495974
ad82d624-72eb-3c7d-a76d-79f2668d1390,WOODLAND INTERNISTS  P.C.,3 WOODLAND RD,STONEHAM,MA,21801711,42.4524431,-71.08939988105112,7816627990,0.0,20534,1144544370
70a26106-6797-39f8-83e6-6bcf212b99ad,CEDAR STREET FAMILY CLINIC INC,340 MAIN ST,WORCESTER,MA,16081601,42.53616075,-71.74831883675786,5087521331,0.0,1743,1326092537
b8421363-9807-3b16-a146-95336eea5cfb,COOLEY DICKINSON HOSPITAL INC,30 LOCUST ST,NORTHAMPTON,MA,10602052,42.33032115,-72.65330802608176,4135822000,0.0,6575,1871512814
24460683-f514-37ef-98c1-724b2fc9aa2a,THE COMMONWEALTH OF MASSACHUSETTS,60 HODGES AVE,TAUNTON,MA,27803034,41.91158935,-71.10129620180315,5089773110,0.0,21,1922101724
f964d209-adbb-3f11-80ce-5687e587363a,CT-FAMILY CARE SERVICES LLC,155 MAPLE ST,SPRINGFIELD,MA,11051828,42.1004364,-72.57897095,8604328862,0.0,1028,1174868442
e854f053-5621-31fa-afa1-29040b0d7466,MATTAPAN COMMUNITY HEALTH CENTER  INC.,1575 BLUE HILL AVE,BOSTON,MA,21262122,42.2698727,-71.0940406,6172960061,0.0,3410,1942869342
752c7570-1637-36cf-8b74-03ea3acfa98c,HILLTOWN COMMUNITY HEALTH CENTERS INC,12 LITTLEVILLE RD,HUNTINGTON,MA,10509761,42.257603957277915,-72.87133712317558,4136670142,0.0,152,1942655881
1563fcb4-76a9-3ea4-863d-e276f38b9b3e,GREATER LAWRENCE FAMILY HEALTH CENTER INC,700 ESSEX STREET,LAWRENCE,MA,18414396,42.7020708,-71.17231,9786892400,0.0,3272,1760695878
b8e724d5-b999-3029-8a2d-ad30fbd0b9ce,BROCKTON NEIGHBORHOOD HEALTH CENTER  INC,63 MAIN ST,BROCKTON,MA,23014042,42.084598840000005,-71.01995972,5085596699,0.0,4969,1225085319
901c2d40-1ca3-3879-9a20-c663b8adc0a9,TUFTS MEDICAL CENTER,800 WASHINGTON STREET,STONEHAM,MA,21802445,42.4863168,-71.0928919,6176365000,0.0,4661,1730132515
6170552c-4d27-3e64-8068-64a380f1837d,WP ACQUISITION SUB LLC,76 SUMMER ST,HAVERHILL,MA,18305814,42.7786873,-71.07306505177553,6158616000,0.0,129,1023580479
e6cc6043-299a-3581-8f6b-b3b5d62c46ae,CARING HEALTH CENTER  INC,532 SUMNER AVE,SPRINGFIELD,MA,11082458,42.08631583333334,-72.55792579166666,4137391100,0.0,20926,1396062394
b9e35b8a-9831-32d8-a6dc-d7a546c126b0,VIBRA HOSPITAL OF WESTERN MASS - CENTRAL CAMPUS,111 HUNTOON MEMORIAL HIGHWAY  1ST FLOOR,SPRINGFIELD,MA,11092550,42.1018764,-72.5886727,4137876700,0.0,1130,1588009039
7a75decf-7d3f-3b0d-8c2b-3abf0a8c7f58,NEW ENGLAND PROFESSIONAL HOME HEALTH CARE LLC,169 LIBERTY ST,MIDDLETON,MA,19491003,42.61522605,-71.0144865346162,(978) 406-1327,0.0,7418,1487163697
18df2721-3f76-3f83-94d5-63597cedd298,CURAHEALTH STOUGHTON LLC,909 SUMNER ST,STOUGHTON,MA,20723396,42.1005097,-71.0830269025407,7812978200,0.0,824,1053762484
b1965e0b-9ef4-3e96-bad6-cb88ea7e7324,MARTHA'S VINEYARD HOSPITAL INC,1 HOSPITAL RD,OAK BLUFFS,MA,25571406,41.46063105,-70.57989080295974,5086930410,0.0,4550,1508413725
38508743-50d1-3429-8fe2-37e42ddaf20e,BAYSTATE FRANKLIN MEDICAL CENTER,164 HIGH ST,GREENFIELD,MA,13012778,42.595268700000005,-72.59288632376354,4137730211,0.0,3476,1508867391
2f735290-1603-31b5-b561-7c8e0d413170,BL HEALTHCARE INC DELEWARE,100 FOXBOROUGH BLVD STE 230,FOXBOROUGH,MA,20352878,42.041851949999995,-71.23486657070565,5085434150,0.0,511,1356940621
6b2e5b97-70f6-3219-8c99-86de138e6808,PARTNERS IN INTERNAL MEDICINE PC,123 SUMMER ST,WORCESTER,MA,1608,42.26496835,-71.79655403681465,5083637300,0.0,2494,1588680946
328f813e-4de8-3ec2-a113-43f3ddfb0b2a,DILIGENCEHEALTHCARE,30-40 WESTPARK STREET,BROCKTON,MA,23015241,42.0834335,-71.0183787,8574539843,0.0,19238,1518420124
dd3307db-114c-3f11-be44-a9eef6bb3fc5,LYNN COMMUNITY HEALTH,269 UNION STREET,LYNN,MA,19011201,42.4652772,-70.94362420273097,7815962502,0.0,17616,1013997691
1d87bbfa-19aa-3128-adca-420ff8d5a12a,BERKSHIRE FAMILY AND INDIVIDUAL RESOURCES INC,771 CHURCH ST,NORTH ADAMS,MA,12474109,42.680927100000005,-73.09950699822534,4136649382,0.0,8756,1245361476
f2068cee-c75c-321d-9b2c-c33535db89c9,CARING HEALTHCARE SERVICES LLC,32 BOSSI AVE,RANDOLPH,MA,23682002,42.20017865,-71.0582074,6172300787,0.0,20734,1124599055
ab7d1a51-1c58-37f8-94fc-e5d55eae38c1,LAWRENCE FAMILY DOCTORS LLC,101 AMESBURY ST,LAWRENCE,MA,18401311,42.70904,-71.16393,9786881919,0.0,1033,1295853927
357e489c-304e-3495-8354-62e85b5896b5,NORTH SHORE PREVENTIVE HEALTH CARE PC,75 HERRICK ST,BEVERLY,MA,19155900,42.56305785,-70.87604053437136,9785028850,0.0,734,1255691556
15d4c950-4691-3996-b4c4-bf06bfb58ff7,HOLY FAMILY HOSPITAL,70 EAST ST,METHUEN,MA,18445883,42.7285558,-71.16833738237946,9786870151,0.0,2586,1033421664
655f2a4f-419c-39d3-8ed6-6c4117eb7e32,NORTH READING INTERNAL MEDICINE PC,21 MAIN ST,NORTH READING,MA,18641326,42.56697195,-71.10799861135133,9782760100,0.0,8664,1700016276
5018c664-e283-30eb-932a-529d9a19b3b5,FIRST PSYCHIATRIC PLANNERS  INC,300 SOUTH ST,WOBURN,MA,18014979,42.473347,-71.144086,6174690300,0.0,723,1093714412
2e8b42f8-4300-30a9-a576-d513d1021a0a,GREATER LOWELL FAMILY PRACTICE PC,600 CLARK RD,TEWKSBURY,MA,18761699,42.63120935,-71.27023603178071,9784538446,0.0,29028,1447211503
0caa0116-ef9a-3d4c-bcff-9c405a9d2bda,TRANQUILITY HEALTH AND WELLNESS PROFESSIONALS LLC,105 CHESTNUT ST STE 35,PLYMOUTH,MA,23604054,41.884685,-70.847219,5085633003,0.0,21082,1801398953
4ff8b164-4cf5-3ab4-b0f2-7ce8fda920e5,CARDIOVASCULAR CENTER AT TUFTS MEDICAL CENTER INC,800 WASHINGTON ST,WORCESTER,MA,16550002,42.180483,-71.867782,6176365000,0.0,1472,1447764253
39c15c0f-5c49-311e-99d2-1fb99d80e06e,HARBOR HEALTH SERVICES INC,398 NEPONSET AVE,DORCHESTER,MA,21223134,42.2867644,-71.04402811508834,6172823200,0.0,12491,1881692366
e39e92a8-2fde-314a-8fb1-8551218f03d9,PLEASANT VALLEY INTERNISTS PC,60 EAST ST,METHUEN,MA,18444547,42.7265686,-71.16640139527428,9786890869,0.0,2049,1952517013
07baae96-3d74-3c69-a845-dad7b792eb52,EMTAR HEALTH CARE INC,42 ASBURY ST,SOUTH HAMILTON,MA,19821808,42.61322825,-70.87300675048934,9784684101,0.0,1012,1346395894
63cb4d95-04a9-3a35-b5d9-f89e0377a48d,STURDY MEMORIAL HOSPITAL INC,211 PARK ST,ATTLEBORO,MA,27033143,41.9419187,-71.2752081695297,5082368110,0.0,60,1730106162
13f83225-b984-345a-a353-11237d5aadfb,ORANGE PULMONARY AND INTERNAL MEDICINE,450 W RIVER ST,ORANGE,MA,13641408,42.5928702,-72.32953998953418,9785441505,0.0,7175,1598806879
6e290541-eba3-37fc-a3e2-e58f77e84c7e,JEWISH FAMILY SERVICE OF WESTERN MASSACHUSETTS INC.,15 LENOX ST.,SPRINGFIELD,MA,11083122,42.085779,-72.55846414285715,4137372601,0.0,10737,1063436467
a0e043cc-dd00-3d67-938c-524d3690f90a,METROWEST INTERNAL MEDICINE  PC,61 LINCOLN ST,FRAMINGHAM,MA,17028264,42.2834291,-71.4175609,5088790077,0.0,264,1952309783
4e880cb9-1ca0-3582-b8cf-8a59b0d2b878,BERKSHIRE INTERNAL MEDICINE LLC,51 S CHURCH ST,PITTSFIELD,MA,12016178,42.44648205,-73.25863241543368,4137688217,0.0,60,1164641890
a2a41caf-758f-3962-8e5f-e6e603f93d17,VIBRA HOSPITAL OF WESTERN MASSACHUSETTS LLC,111 HUNTOON MEMORIAL HWY,ROCHDALE,MA,15421305,42.2020225,-71.89891616754682,5088926000,0.0,158,1699192203
ca62a361-9c79-32d1-92cc-ffc0d5d19679,IDEAL HEALTHCARE SOLUTIONS LLC,19 HENRY ST,SHARON,MA,20671714,42.1091473,-71.20768205338297,7817840141,0.0,4506,1033358536
0d24cc89-3256-330c-b36d-d8de8babef84,CAPE COD HEALTHCARE PHYSICIANS,1030 FALMOUTH RD,SOUTH YARMOUTH,MA,26641218,41.6667779,-70.1847414,5087784777,0.0,197,1316410434
8ae6a210-708f-3b23-b7d3-ac7948abd2b0,EDWARD M KENNEDY COMMUNITY HEALTH CENTER INC,631 LINCOLN ST,WORCESTER,MA,16052010,42.2975664,-71.76536802164628,8008532288,0.0,1006,1316324650
19a65317-5d32-355e-8f82-88933d48366d,LAKEVILLE FAMILY MEDICINE PC,5 PRECINCT ST,LAKEVILLE,MA,23471468,41.8455651,-70.95195924208448,5089476666,0.0,2345,1356545800
ee6705d5-db4a-3120-bbe1-1e72972a841f,LOWELL COMMUNITY HEALTH CENTER  INC.,101 JACKSON ST,LOWELL,MA,18522103,42.64221447368421,-71.31029421052632,9784411700,0.0,2780,1689092595
a6fb79e7-4abb-3a68-b62d-e501427fdca4,AUBURN PRIMARY CARE AND AESTHETICS,489 WASHINGTON ST STE 202,AUBURN,MA,15015709,42.187836,-71.83104,5087969211,0.0,23920,1316566888
fcad54de-c1cb-3039-8e22-1d2d28134044,HOLY FAMILY INPATIENT SPECIALISTS PLLC,70 EAST ST,METHUEN,MA,18444597,42.7285558,-71.16833738237946,9786870151,0.0,635,1013436807
9d0e702d-50a0-3f4c-9126-0951d560fd4b,NEW ENGLAND REHABILITATION SERVICES OF CENTRAL MASSACHUSETTS INC,189 MAY ST,WORCESTER,MA,16024339,42.25986305,-71.83597786023279,5087916351,0.0,513,1225002983
2a728c11-686c-3569-9ab9-d537dcf71e34,MEDICAL CENTER WEST PODIATRY ASSOCIATES  INC.,488 PLEASANT ST,WORCESTER,MA,16031524,42.263174750000005,-71.81851205000001,5087559573,0.0,172,1821185455
c656d426-a307-372e-85f4-add29b4f178b,VMD PRIMARY PROVIDERS OF RHODE ISLAND PC,174 ARMISTICE BLVD STE A,FALL RIVER,MA,27212367,41.7010642,-71.1546367,4017530500,0.0,835,1598341067
2fa36ef4-0a5b-358e-b76f-f4ada6c48e8b,COMMUNITY HEALTH CENTER OF CAPE COD  INC.,90 ROUTE 6A,SANDWICH,MA,25635301,41.76404705,-70.50066669296109,5084777090,0.0,59,1649896283
ea8d287f-b3a9-3800-8798-788e334ee406,NORTH SHORE MEDICAL CENTER INC,81 HIGHLAND AVE,SWAMPSCOTT,MA,19072928,42.4699241,-70.9171507,9783542065,0.0,6030,1730121633
c7542447-e06e-32cb-b6db-243c23a0dbc2,FRANCISCAN HOSPITAL FOR CHILDREN INC,30 WARREN ST,BOSTON,MA,21353602,42.3501483,-71.14393324457691,6172543800,0.0,1847,1174542013
d9fe2c9c-135e-3da3-8de8-1a0ff165d886,JEWISH FAMILY & CHILDREN'S SERVICE,1430 MAIN ST,WORCESTER,MA,16091121,42.2492003,-71.92931780325071,7816475327,0.0,1719,1184708091
50c47685-8125-3c50-8311-8bd7ba9e9108,BOSTON MEDICAL CENTER CORPORATION-,4199 WASHINGTON ST,ROSLINDALE,MA,21311733,42.2871447,-71.1277526,6173234440,0.0,12886,1386718823
87f3b181-1c52-3161-a15a-ea2d9a04b35f,KD MEDICINE & WELLNESS PLLC,565 TURNPIKE ST STE 71,NORTH ANDOVER,MA,18455936,42.664934200000005,-71.11635234067887,5086410235,0.0,3020,1669049995
43e22208-dae0-3196-b30b-17b3c50679c2,GREATER LAWRENCE FAMILY HEALTH CENTER INC,147 PELHAM ST,METHUEN,MA,18442060,42.7288158,-71.20222773774655,9786833491,0.0,8105,1912266065
46375470-1e20-3ddc-8dc5-010ba53826b6,BAYSTATE WING HOSPITAL CORPORATION,40 WRIGHT ST,PALMER,MA,10691138,42.16934095,-72.34120457065711,4132837651,0.0,8,1992880736
9d2a1656-0f4d-30d1-bc63-eb365a05529c,STEWARD GOOD SAMARITAN MEDICAL CENTER  INC.,235 N PEARL ST,BROCKTON,MA,23011794,42.09805395,-71.0609587194362,5084272841,0.0,232,1922516053
a4b91172-69e7-3895-bd89-b9a0868de5c2,DARTMOUTH PRIMARY MEDICINE  LLC,651 ORCHARD ST,NEW BEDFORD,MA,27441052,41.6149879,-70.93113851963673,5089945300,0.0,4288,1083776728
72f50aa0-d8c9-34dc-ac58-c428323f3bcd,BOSTON HEALTH CARE FOR THE HOMELESS PROGRAM INC,55 FRUIT ST,BOSTON,MA,21142696,42.36286045,-71.06875296664998,6177262707,0.0,12599,1245473859
9203d0d2-ca7d-3421-9361-974402ffb561,HILLTOWN COMMUNITY HEALTH CENTERS INC,58 OLD NORTH RD,WORTHINGTON,MA,10989708,42.414246,-72.93841842197347,4132385511,0.0,349,1740268051
1cd20733-c6b9-31f9-b7c7-0c9357fcb560,NEWTON WELLESLEY PRIMARY CARE P C,40 WALNUT ST,WELLESLEY,MA,24812102,42.32553365,-71.25238403429299,7819433000,0.0,1009,1003911579
3fea2678-1991-3390-b5f1-ebe38f28888b,ATLANTIC PRIMARY CARE PC,135 WEBSTER ST,WEYMOUTH,MA,21901613,42.2212188,-70.9391625,7818715030,0.0,2275,1326015454
ca8a919a-05f9-3687-bfb6-42800a70031e,LIFE LINE COMMUNITY HEALTHCARE,6111 OAK TREE BLVD STE 301,FRAMINGHAM,MA,17014613,42.3095704,-71.4413097,2165816556,0.0,6676,1598193062
eee00932-ca82-36bc-b7e8-e3fff6dbaeaa,DANA FARBER CANCER INSTITUTE,450 BROOKLINE AVE,WEYMOUTH,MA,21893141,42.2212188,-70.9391625,6176323000,0.0,2496,1851333686
a194e94a-dd16-347e-95ea-8d00052c14d1,BASS RIVER HEALTHCARE ASSOCIATES INC,833 MAIN ST,S YARMOUTH,MA,26645254,41.65171785,-70.21464095380932,5083941353,0.0,45,1225010192
6f90eaad-abe3-3ce0-b9a6-2031c5674f0d,MYHOME HEALTHCARE PLLC,800 TURNPIKE ST STE 300,NORTH ANDOVER,MA,18456156,42.66074825,-71.10724143845708,9783877087,0.0,9389,1225656762
c0719377-d40a-3e9c-9f7c-af47c93b3f40,CARBON HEALTH PRIMARY CARE OF FLORIDA PA,80 SUMMER ST STE 1,BOSTON,MA,21101218,42.35403315,-71.05809515865283,6178652749,0.0,2070,1912662719
1f9d5a6b-d2ea-3000-bb9d-b22c00ffbbb2,ATHOL MEMORIAL HOSPITAL INCORPORATED,2033 MAIN ST,ATHOL,MA,13313535,42.58522105,-72.20868129339888,9782491295,0.0,45,1952966491
f087b01f-da5c-3db6-bb6d-8a3cf3e630c5,WEBSTER SQUARE MEDICAL CENTER  INC,255 PARK AVE,WORCESTER,MA,16091989,42.26491135,-71.8185187,5087559776,0.0,1522,1619188281
5573074b-edf7-31cd-a5f4-6e118c6f602d,ASSOCIATES IN INTERNAL MEDICINE INC,825 WASHINGTON ST,NORWOOD,MA,20623449,42.18864775,-71.20380467780485,7817624255,0.0,1086,1528030509
6873525f-1680-3ceb-b536-270d44b46e2e,UPHAMS CORNER HEALTH COMMITTEE INC,500 COLUMBIA RD,DORCHESTER,MA,21252322,42.3147979,-71.067633,6172878000,0.0,10549,1780780486
9fbf3c5e-5f22-3b9f-9032-39d6de320874,METRO WEST REHAB CORP,150 FLANDERS RD,WESTBOROUGH,MA,15811017,42.2770724,-71.5679154706427,5088712000,0.0,10,1760783575
da35b999-0af8-380e-9912-cd8b3bc09f53,REGENCY FAMILY HEALTH LLC,50 REDFIELD ST,WORCESTER,MA,16081531,42.2625621,-71.8018877,6179291600,0.0,654,1790090975
f8918a95-31e8-3ac4-8d12-29ca6080ebda,BETH ISRAEL DEACONESS HOSPITAL MILTON INC,199 REEDSDALE RD,MILTON,MA,21863926,42.2513683,-71.0768393856917,6173131214,0.0,3050,1174618953
bce5b907-584b-345d-bbcf-912cf56cb6c3,RENAISSANCE PRIMARY CARE LLC,11-15 SANDERSDALE ROAD,WORCESTER,MA,16032467,42.0667952,-72.0084995,7744202311,0.0,86,1649729021
8d5880eb-1dd8-31ea-b7c5-21709f3bb341,MELROSE INTERNAL MEDICINE ASSOC PC,50 ROWE ST,MELROSE,MA,21763201,42.4592093,-71.06078096379728,7819793800,0.0,18843,1629055538
0ec04450-c150-322d-b2c3-1449d672a23c,MANET COMMUNITY HEALTH CENTER  INC.,110 W SQUANTUM ST,NORTH QUINCY,MA,21712122,42.27259075,-71.03082765,6173763000,0.0,6168,1467483297
fd650ebc-a642-3818-b073-692473cd31f1,HARBORLIGHT FAMILY MEDICINE  PC,900 CUMMING CENTER,BEVERLY,MA,19156181,42.5584284,-70.8800491,9782790800,0.0,3388,1598957854
3ff0f58b-7a1f-3334-9449-ff15f68b7d86,BETH ISRAEL DEACONESS HOSPITAL PLYMOUTH INC,275 SANDWICH ST,PLYMOUTH,MA,23607761,41.94186605,-70.6455366462985,5087462000,0.0,3019,1043299001
4e0ec952-dd08-359e-87af-b13809b955ac,DEARBORN WELLNESS  LLC,37 DERBY ST,QUINCY,MA,21697564,42.2509914,-71.0037374,8572888508,0.0,3995,1316398852
9cfdd210-a2ed-34d6-9381-2f5d999011ca,HIGHLAND PRIMARY CARE ASSOCIATES INC.,21 HIGHLAND AVE,NEWBURYPORT,MA,19503873,42.814341671166744,-70.88998002772408,9784637770,0.0,1578,1225038417
75846b1f-d0ec-3255-9bdd-d09eb0a9dd0d,HOLYOKE MEDICAL CENTER INC,575 BEECH ST,HOLYOKE,MA,10402296,42.20105435,-72.628169560868,4135342845,0.0,1410,1992923486
dd280187-8662-3732-af81-595d10572911,4499 ACUSHNET AVENUE OPERATING COMPANY  LLC,4499 ACUSHNET AVE,NEW BEDFORD,MA,27454707,41.74026055,-70.9450945705336,5089956900,0.0,1627,1164477055
a6964d47-8af0-3df2-b99d-d8414eb1cfa3,ARBOUR-FULLER HOSPITAL,200 MAY ST,SOUTH ATTLEBORO,MA,27035520,41.924394750000005,-71.36076410900014,5087618500,0.0,1026,1316917222
dae3ee01-f383-366e-9ad6-dc92963064ea,MERCY MEDICAL CTR,1233 MAIN ST,HOLYOKE,MA,10405381,42.16578055,-72.63389634691956,4135365111,0.0,337,1629062906
371948e4-733a-33b6-a835-68abefdeb59f,FAIRVIEW HOSPITAL,197 ADAMS RD,WILLIAMSTOWN,MA,12672930,42.7041261,-73.19043030392987,4134588182,0.0,1188,1124686530
744bdf85-6223-367c-b1ab-e8c8e0a5eb28,TOTAL HEALTH CARE  INC.,2 REEDSDALE RD,MILTON,MA,21863800,42.258080449999994,-71.08070895097364,6176980715,0.0,5582,1831201110
b7b02632-03e1-330a-aa40-fdee22899633,BOSTON UNIVERSITY MEDICAL CENTER RADIOLOGISTS  INC.,840 HARRISON AVE,ROXBURY,MA,21203432,42.3279605,-71.0830607,6176386610,0.0,2364,1134166945
bb09ee7d-f4e1-3b26-8739-a14467b47764,FAMILY MEDICAL & MATERNITY CARE PC,87 NORTH MAIN ST,LEOMINSTER,MA,14535507,42.53527525,-71.75633303305392,9785348701,0.0,68,1922170216
089bceb2-0ecb-3650-95e9-e7260248b809,STARTING LINE WELLNESS LLC,50 W MAIN ST,HOPKINTON,MA,17481672,42.22029125,-71.53814854921914,5084351250,0.0,4062,1003373069
f82ff162-c689-3682-876c-220cf96eb97b,MIDDLESEX FAMILY PRACTICE PC,74 MAIN ST,FRAMINGHAM,MA,17022952,42.2976266,-71.42605348361442,5082708844,0.0,4966,1528073202
9d989fcf-4ad9-3972-ada3-f275d967781e,FALMOUTH HOSPITAL ASSOCIATION INC,100 TER HEUN DR,SANDWICH,MA,25632377,41.7579043,-70.4968152,5084573528,0.0,32,1336106806
92d919ab-8380-3fda-a5f1-838e69b819c1,ZANJABEE INTEGRATIVE MEDICINE AND PRIMARY CARE LLC,300 TRADECENTER STE 4750,WOBURN,MA,18017420,42.4994143,-71.161659,4019525488,0.0,4237,1003138405
af3871c3-2098-3051-bcb7-8a919e194a16,HEALTHCARE SOUTH PC,97 LIBBEY PKWY,WEYMOUTH,MA,21893110,42.19322885,-70.94589987654936,7818032786,0.0,25902,1396726006
542185c1-943a-30f4-aba0-0efaa92488a4,EVEREST HEALTH CARE SPECIALISTS PLLC,142 LAKE ST,ARLINGTON,MA,24764738,42.40328885,-71.15140830652837,7817772320,0.0,8490,1366741589
0319f6d9-60a3-36ac-9f26-b782d7997b1c,ARLINGTON FAMILY PRACTICE PC,22 MILL ST,ARLINGTON,MA,24764738,42.4177455,-71.1579688,7816464345,0.0,2013,1326016809
a2cc09de-c1e2-3126-8c09-d49f95225281,CHILDREN'S HOSPITAL CORPORATION,300 LONGWOOD AVE,WALTHAM,MA,24532741,42.3756401,-71.2358004,6173554831,0.0,932,1710087127
9f2f60a6-87a4-3f45-b753-b63b5b7e9993,NORTH END COMMUNITY HEALTH COMMITTEE INC,332 HANOVER STREET,BOSTON,MA,21131901,42.3647421,-71.0536619,6176438000,0.0,34414,1780606608
44cb1162-a345-3477-8723-c202a3c8cdcd,HOPKINTON MEDICAL CARE  P.C.,73 W MAIN ST,HOPKINTON,MA,17481619,42.21799145,-71.54005509979045,5084356900,0.0,14586,1417107723
c5306a86-09a1-32d9-875a-67ef56e131c0,ACCESS PRIMARY CARE INC,242 SUTTON ST,NORTH ANDOVER,MA,18451631,42.70773345,-71.1300651,9786551987,0.0,6177,1457626285
f341c366-8313-3790-ab26-d8d27b116ff5,WAYSIDE YOUTH & FAMILY SUPPORT NETWORK,80 LINCOLN STREET,WALTHAM,MA,24535465,42.39322121170625,-71.24104146434591,5086200010,0.0,8749,1851484505
0d7ef8ee-4e45-3b40-9f2b-f558dce71574,PERSONALIZED MEDICAL CARE LLC,200 BOYLSTON ST,CHESTNUT HILL,MA,24672008,42.31886965,-71.17524247213663,6175298041,0.0,3344,1891118873
1de1aeee-4088-391b-af7a-95d7cfaeaf32,NANTUCKET COTTAGE HOSPITAL,57 PROSPECT ST,NANTUCKET,MA,25542799,41.27514065,-70.10108985970798,5088258100,0.0,2,1447214622
f312977e-8f41-3816-84cc-e5b12ba36955,BRIGHAM AND WOMEN'S FAULKNER HOSPITAL  INC.,1153 CENTRE ST,JAMAICA PLAIN,MA,21303446,42.3017598,-71.12855793387442,6179837470,0.0,366,1578677811
c5403c4f-14d5-3171-9227-a9b8327f3149,CONTINUUM HEALTHCARE SOLUTIONS LLC,52 OLNEY RD,CHICOPEE,MA,10202103,42.1487691,-72.6071119,4135309616,0.0,6162,1689939464
a730c5e6-a15f-3e36-8112-8579e507d330,MIDDLESEX INTERNAL MEDICINE ASSOCIATES  INC,28 LORD RD,MARLBOROUGH,MA,17524549,42.34718040987546,-71.57283065352654,5084857660,0.0,27453,1265601033
389323ef-b127-3a06-a22d-e24aef033e5d,GREATER BOSTON INTERNAL MEDICINE PC,200 PROVIDENCE HWY,DEDHAM,MA,20261881,42.22214545274341,-71.18159060546684,7813261464,0.0,1771,1659436814
82248deb-13cc-31b2-8764-0233e159a93a,COMMUNITY HEALTH PROGRAMS INC,19 DEPOT STREET,ADAMS,MA,12201856,42.623644600000006,-73.11852130252683,4137431080,0.0,3467,1912272899
ce4d0501-49eb-396a-bc56-545fdfc624b0,MARTHA'S VINEYARD HOSPITAL INC,1 HOSPITAL RD,OAK BLUFFS,MA,25571406,41.46063105,-70.57989080295974,5086930410,0.0,20,1497832646
e69e7cbb-8362-30d1-83f2-3a0c492fe2b1,PLYMOUTH CARVER PRIMARY CARE  P.C.,110 LONG POND RD,PLYMOUTH,MA,23602642,41.9255829,-70.65514326847389,5087467272,0.0,24793,1285761619
154cc5db-4906-3411-8aa3-39902c6b3af2,NAPPA FAMILY PRACTICE PC,12 VICTORIA LN,STONEHAM,MA,21802221,42.4916624,-71.10288588889674,0000000000,0.0,2587,1508528944
9e469108-97a0-350a-b6ba-be2a286b3dcc,METRO WEST REHAB CORP,150 FLANDERS RD,WESTBOROUGH,MA,15811017,42.2770724,-71.5679154706427,5088712000,0.0,20,1093744286
afc661fd-71d9-3fc3-adf2-3fc3b5e8a140,BROCKTON HOSPITAL  INC.,680 CENTRE ST,RAYNHAM,MA,2767,41.9487118,-71.0731008,5089417000,0.0,402,1063431286
06cc2462-430f-3322-9c87-7e971125f510,EMERSON HOSPITAL,133 OLD ROAD TO 9 ACRE COR,WESTFORD,MA,18863198,42.5792583,-71.4378411,9782873226,0.0,328,1922103357
0899da04-19b2-33b7-9d12-db40b0491c1b,BOSTON HEALTH CARE FOR THE HOMELESS PROGRAM INC,780 ALBANY ST,BOSTON,MA,21182524,42.33364525,-71.07279114401811,8576541000,0.0,384,1013131804
479427f6-9419-3eba-b2c2-b037b4b89493,MANET COMMUNITY HEALTH CENTER  INC.,180 GEORGE WASHINGTON BLVD,HULL,MA,20453069,42.2630377,-70.8606109,7819254550,0.0,490,1285665018
dd456e39-9f82-303b-9c3f-5db0e82a437e,FAMILY HEALTH CENTER OF WORCESTER INC,26 QUEEN ST,WORCESTER,MA,16102473,42.25930925,-71.81494729825698,5088607962,0.0,1921,1841200664
79508e39-d0b0-3613-9d54-168f6e1c3a18,NASHOBA VALLEY MEDICAL CENTER,200 GROTON ROAD,GROTON,MA,14502056,42.57735215,-71.57414587343038,9787849000,0.0,28242,1477859254
af570aee-a397-372c-8eba-5c2b18662b0f,BYC HEALTHCARE INC,800 W CUMMINGS PARK STE 2250,WOBURN,MA,18016372,42.4961562,-71.1258904921298,7814046923,0.0,2822,1336504166
907b1d2f-2bf8-31b5-abc2-14d6b75faa96,ASSABET FAMILY PODIATRY  INC,340 MAPLE ST,MARLBOROUGH,MA,17523200,42.3358161,-71.54106510218209,5084813659,0.0,567,1033351770
922d1031-d968-39c2-b73c-d5a495c39068,HINGHAM MEDICAL CARE INC,350 LINCOLN ST STE 1102,HINGHAM,MA,20432801,42.248735,-70.9209846,7817400400,0.0,7845,1639616204
352f2e3b-0708-3eb4-9f7e-e73a685bf379,MARLBOROUGH HOSPITAL CORP,157 UNION ST,SOUTHBOROUGH,MA,17721215,42.3056501,-71.5245087,5084815000,0.0,406,1396738159
34f7bdc0-0550-333e-a53f-5e2af5a6d4ec,PLYMOUTH FAMILY OPTOMETRY LLC,212 S MEADOW RD UNIT 5C,PLYMOUTH,MA,23605450,41.9426657,-70.7618592,7742834005,0.0,5421,1699233155
e34d8448-8b98-3f91-9fe7-faeb8a78e1db,ASSOCIATED INTERNISTS OF RANDOLPH  INC.,NEW ENGLAND SINAI HOSPITAL,MILTON,MA,21862377,42.2501425,-71.065573,7813440600,0.0,9838,1710008982
a2d45ee8-b930-3169-b612-f602961ad212,SUNRISE HEALTHCARE LLC,37 MINUTEMAN WAY,SHREWSBURY,MA,15452229,42.288207,-71.73443816915585,6176509959,0.0,42169,1184168825
0fa1cab9-83c1-3c85-b7bc-53d8b922e2f7,METROWEST MEDICAL CENTER,115 LINCOLN STREET,WORCESTER,MA,16081216,42.2768165,-71.795274,5083831000,0.0,162,1740252592
817f4acb-0184-3146-9ce0-87197d8f115a,READING FAMILY MEDICINE PC,30 NEWCROSSING RD STE 301,READING,MA,1867,42.51809619399502,-71.0959083715027,7819420380,0.0,2315,1720142912
10ffe7b1-2f94-3f12-9288-679da05a1ec9,WESTFORD INTERNAL MEDICINE PC,133 LITTLETON RD,WESTFORD,MA,1886,42.57056335,-71.41736646422413,9785771946,0.0,1414,1609825413
4fa643ae-1f58-3c2e-9f33-0ba56345ad10,COMPASSIONATE HEALTH CARE GROUP LLC,361 MAIN ST,WAREHAM,MA,25712153,41.7613849,-70.71911431737183,7746787319,0.0,137,1457845653
a73a3693-57ac-367e-b29e-f0f834cbaf66,HARBOR HEALTH SERVICES INC,10 CORDAGE PARK CIR,PLYMOUTH,MA,23607318,41.9788991,-70.6879608,5087785470,0.0,10405,1568892859
e6d63525-40f0-3391-a58a-e6a03598911f,STANLEY STREET TREATMENT AND RESOURCES INC,400 STANLEY ST,FALL RIVER,MA,27206009,41.7148511,-71.13527009152534,5086751054,0.0,7145,1063438133
fb4a08b8-57ee-382b-b3cb-43d94f1bb4c0,STANLEY STREET TREATMENT AND RESOURCES  INC,1010 SOUTH MAIN STREET,FALL RIVER,MA,27242855,41.69077545,-71.16515282264554,5086751054,0.0,9191,1902176449
2b97893e-dc50-378b-a266-f089b8450329,HARBOR HEALTH SERVICES INC,250 MOUNT VERNON ST,DORCHESTER,MA,21253120,42.3194571,-71.04610844302991,6172881140,0.0,25020,1659330496
d0894f6b-78d7-338d-82ad-b63de4d40014,MOUNT AUBURN HOSPITAL,330 MOUNT AUBURN STREET,WALTHAM,MA,2452,42.3756401,-71.2358004,6174923500,0.0,1046,1689670259
310d02fb-ba0c-3b5a-9ab3-8d7bb8e7b661,FAMILY MEDICAL ASSOCIATES  P.C.,709 WASHINGTON STREET,CANTON,MA,2021,42.1561851,-71.1452049,7818285351,0.0,2373,1386866754
5d1b509e-a048-357f-807e-6b863006e337,NEEDHAM WELLESLEY FAMILY MEDICINE PC,65 WALNUT ST,WELLESLEY HILLS,MA,24812118,42.3213892,-71.2586343,7812353444,0.0,4090,1679890164
3d5fbf38-c781-3e04-8c7e-5a402611b7d4,DAVIS SQUARE FAMILY PRACTICE,260 ELM ST,SOMERVILLE,MA,21442951,42.3955992,-71.1227391,6176669577,0.0,33946,1780782409
d6b03647-983f-3162-af9e-b12aea026f13,HOLISTIC FAMILY PRACTICE  INC.,65 NEWBURYPORT TPKE,NEWBURY,MA,19501199,42.7891081,-70.87774011339009,9784659770,0.0,5460,1063446615
f43f97f2-af04-3ed0-a42e-3681718cc9b2,BERKSHIRE MEDICAL CENTER INC,725 NORTH ST,PITTSFIELD,MA,12014109,42.4600752,-73.2492795834909,4134472000,0.0,522,1659436996
2f26fc73-52a4-3de7-894b-ade34c20def6,BOSTON HEALTH CARE FOR THE HOMELESS PROGRAM INC,39 BOYLSTON ST FL 2,BOSTON,MA,21164702,42.3554334,-71.060511,8576541501,0.0,306,1871736488
f202fe9c-c1dd-30d5-805e-6a26904dbbce,GEORGETOWN FAMILY MEDICINE LLC,256 GEORGETOWN RD,BOXFORD,MA,19211642,42.697599999999994,-70.98887494259449,9788870222,0.0,575,1851613681
7ac466c6-7968-33fd-882c-6d5418f88c8a,CHELMSFORD PRIMARY CARE LLC,2 MEETING HOUSE RD,CHELMSFORD,MA,18242700,42.60140085,-71.35097894451894,9782565522,0.0,5754,1588706279
88975fd9-b47e-3af6-af78-c58e1ecf0d5e,BAYSTATE NOBLE HOSPITAL CORPORATION,115 W SILVER ST,WESTFIELD,MA,10853628,42.1178811,-72.75935246865802,4135682811,0.0,22,1700816048
52efa2e5-007f-3396-a83a-28ca015f0595,BAYADA HOME HEALTH CARE INC,20 N PARK AVE STE 2200A,PLYMOUTH,MA,23604090,41.96043463148859,-70.67007876763536,5088300999,0.0,1979,1366481293
edd58f69-ad5f-346b-b1f9-530ccdc895f6,RISE ABOVE WELLNESS HEALTH SERVICES LLC,52 CARPENTER ST,ATTLEBORO,MA,27032472,41.9369576,-71.27996091755344,8572473180,0.0,450,1316533896
b3f4de6b-901d-3856-ba81-35dc48a63d17,BLUEPRINT HEALTHCARE LLC,451 ANDOVER ST STE 205,NORTH ANDOVER,MA,18455079,42.6734518,-71.1268776,9789832435,0.0,6568,1467927483
4ba48ef6-19f2-3177-bfaf-096daaebf26a,SOUTH SHORE HEALTH CARE INC,275 TURNPIKE ST,BRAINTREE,MA,21845328,42.2064195,-71.005067,7818481950,0.0,19160,1508858697
d087a353-12da-3785-b121-fb1291f8a721,CARE4US WELLNESS CENTER LLC,17 CLARENCE ST,WORCESTER,MA,16052430,42.287673653061226,-71.80890779591836,5083456983,0.0,2162,1871091553
8ce066ae-10ad-3679-9272-387e8cb21947,NEWBURYPORT FAMILY PRACTICE P.C.,3 CHERRY ST,NEWBURYPORT,MA,19503928,42.80038345,-70.87664535540449,9784657322,0.0,1690,1386701092
936ceb96-2b12-371f-aa68-ee02a9c06f4c,PRIMARY CARE NORTH PC,225 BOSTON ST,LYNN,MA,19043124,42.47049745,-70.96003668151566,7815959581,0.0,10271,1649392416
2cea5ce8-beca-3593-ad2d-07b6f273a9d2,NORTH QUABBIN FAMILY PHYSICIANS  PC,201 S MAIN ST,ATHOL,MA,13312131,42.5913877,-72.24248995154954,9782490099,0.0,4250,1457302721
5818ce99-2a75-34ef-9cc7-e6cbf3b93ddb,GREENFIELD PRIMARY CARE PLLC,146 FEDERAL ST,GREENFIELD,MA,13012511,42.5928222,-72.5984235,4132252792,0.0,1434,1386247625
a855314b-4fb5-37fc-8015-5caa96c928b1,BAYSTATE MEDICAL CENTER INC.,759 CHESTNUT ST,SPRINGFIELD,MA,11991001,42.12152205,-72.60300615153007,4137940000,0.0,392,1497756282
48a6d3ab-50ef-349e-8945-2558a78f378e,SAINT ANNE'S HOSPITAL,795 MIDDLE ST,SWANSEA,MA,27774114,41.730919,-71.208117,5086745600,0.0,2,1932411493
cabc0f0d-dcca-34a2-bc6b-519ed1cc7f74,ACHIEVE WELLNESS  LLC,191 MERRIMACK ST STE 712,HAVERHILL,MA,18306199,42.7742236,-71.08181133783422,9788914928,0.0,3974,1639736838
d94fe085-4c7b-36c9-a255-3f700d402d36,FAMILY SERVICES OF THE MERRIMACK VALLEY  INC.,430 N CANAL ST,LAWRENCE,MA,18401246,42.70511426530612,-71.16431740816327,9786839505,0.0,519,1679680615
f3740f1e-3176-3f58-ba4a-f95d8f5b9263,FENWAY COMMUNITY HEALTH CENTER  INC,75 KNEELAND ST,BOSTON,MA,21111901,42.350222,-71.060605,6174578140,0.0,1208,1548589047
f1c6e386-ed52-3f97-a2b0-4e21ad2d0966,TAUNTON MEDICAL CENTER  PC,54 COURT ST,TAUNTON,MA,27803201,41.9028629,-71.09718927122583,5088212500,0.0,4579,1811987720
7b20d1c4-c56b-3647-801c-5e4e13679073,BETH ISRAEL DEACONESS HOSPITAL PLYMOUTH INC,275 SANDWICH ST,PLYMOUTH,MA,23602183,41.94186605,-70.6455366462985,5087462000,0.0,2955,1023284924
f4c3453d-0dd5-320a-a319-33af27c4c9d0,SKILLED FACILITY HEALTH CARE SOLUTIONS INC,11150 W OLYMPIC BLVD STE 1000,BOSTON,MA,21083036,42.3554334,-71.060511,3104455999,0.0,286,1104018423
2399f9b0-28d7-3355-ae52-474326a3b021,FAMILY HEALTH CENTER OF WORCESTER  INC.,23 N ASHLAND ST,WORCESTER,MA,16093041,42.26901755,-71.80739730766234,5087542860,0.0,897,1558530246
e982819a-87b3-3124-a0f2-85f8afcc7731,DANVERS FAMILY DOCTORS PC,140 COMMONWEALTH AVE STE 202,DANVERS,MA,19233625,42.5524742,-70.94443165548033,9787626262,0.0,2421,1902903115
71d9e7fe-5a34-3f11-8edb-f79c482785fe,EDWARD M KENNEDY COMMUNITY HEALTH CENTER INC,42 CAPE RD,MILFORD,MA,17573292,42.1274477,-71.5195252,8008532288,0.0,7912,1992137426
4f59f709-8b84-3d27-a04b-c6b7b5544413,HILLTOWN COMMUNITY HEALTH CENTERS INC,70 BOLTWOOD WALK,AMHERST,MA,10022271,42.3768779,-72.51840280783739,4132385511,0.0,106666,1528573037
c4e5b33c-17b8-3f51-a8ba-a327d54e642a,PRIMARY CARE MEDICINE AND PEDIATRICS  LLC,94 N ELM ST,WESTFIELD,MA,10852917,42.1322823,-72.7436679,4135621650,0.0,6726,1245634211
5225cc87-6a30-303c-a882-5f001cee7f0e,MANET COMMUNITY HEALTH CENTER  INC.,110 W SQUANTUM ST,QUINCY,MA,21712122,42.27259075,-71.03082765,6173763030,0.0,5915,1114027539
c25911bc-3240-358a-86ce-5f45bb8f0c53,TUFTS MEDICAL CENTER COMMUNITY CARE INC,325 WOOD RD,WELLESLEY HILLS,MA,24812188,42.3130588,-71.2738201,7813563336,0.0,4311,1063805687
79d49935-bcc0-36ca-920b-45365c367438,SOUTH BOSTON COMMUNITY HEALTH CENTER INC,409 W BROADWAY,SOUTH BOSTON,MA,21272245,42.336831,-71.047958,6172697500,0.0,30422,1669447413
680532c8-2661-3b39-875a-b6ec0746ccf5,CHARLES RIVER COMMUNITY HEALTH  INC,30 ATHOL ST,ALLSTON,MA,21341124,42.36075595,-71.13397379082869,6177830500,0.0,9146,1134306368
cc400ddc-c38d-3604-8d89-cea21555719f,NEEDHAM FAMILY PRACTICE ASSOC. P.C.,87 CHESTNUT ST,NATICK,MA,17603644,42.293559188306446,-71.35158050924959,7814445515,0.0,21016,1255487120
51370692-6296-3150-8672-559fc73f964f,BRIGHAM & WOMENS HOSPITAL INC,75 FRANCIS ST,WEST BRIDGEWATER,MA,23791542,42.0219112,-71.019004,6177325500,0.0,427,1790717650
10dcd91e-6eda-385b-bafb-d5e1ae92dc34,INTEGRATIVE MEDICINE AND HOLISTIC WELLNESS CENTERS LLC,677 W MAIN ST,HYANNIS,MA,26013493,41.6523127,-70.32027525205335,5087900606,0.0,31,1851764484
cdc87240-38e9-36f8-959b-706642e01e11,MASSACHUSETTS EYE AND EAR INFIRMARY -,243 CHARLES ST,STONEHAM,MA,21803559,42.4814675,-71.0924311,6175733089,0.0,291,1639101751
c6b019eb-28ec-36f6-abf3-bcc4d1d58966,DUTTON FAMILY CARE ASSOCIATES LLP,33 AVON ST,WAKEFIELD,MA,18802310,42.50403445,-71.07462951514611,7812450402,0.0,8190,1235163395
b5b380d2-df21-3389-abf0-08551c7e1f2d,DEVENS TREATMENT & RECOVERY CENTER LLC,85 PATTON RD,DEVENS,MA,14344401,42.5304204,-71.61505519305638,9786155200,0.0,9,1063876241
31e00f85-6909-3d9f-afc6-5ae507ab0c06,BRAINTREE FAMILY PHYSICIAN INC,382 GROVE STREET,BRAINTREE,MA,21847324,42.1893694,-70.98451984814267,7818481555,0.0,38932,1871610923
dd8f40be-2c90-347a-abf6-c07a5ad4148f,INTERNISTS ASSOCIATED,105 CHESTNUT ST,NEEDHAM,MA,24922520,42.2784618,-71.23770041644639,7814449080,0.0,3125,1780807859
06376cbe-4880-384b-b459-7ce3eef36ced,HEALTHFIRST FAMILY CARE CENTER INC,387 QUARRY ST,FALL RIVER,MA,27231026,41.6932713,-71.1402431739568,5086798111,0.0,13112,1962435933
b3312a2d-37e9-35a8-b50d-6c165c437baa,DIMOCK COMMUNITY HEALTH CENTER  INC,45 DIMOCK ST,ROXBURY,MA,21191029,42.32030665,-71.09721114916246,6174428800,0.0,4519,1588719488
b6717471-7f78-32c4-b1c5-e3a6310553d7,FAMILY MEDICINE ASSOCIATES LLC,15 RAILROAD AVE,TOPSFIELD,MA,1983,42.6375935,-70.9494966,9874687381,0.0,12,1689729865
2836d9ac-c6a6-39d1-8f13-fdf0fc8928f4,TEWKSBURY HOSPITAL,365 EAST ST,TEWKSBURY,MA,18761950,42.6069472,-71.2180803,9788517321,0.0,4466,1871680496
a2f8d8fe-665e-390f-8b9b-efdc0b14a77c,LOWELL COMMUNITY HEALTH CENTER,161 JACKSON ST,LOWELL,MA,18522103,42.6425382,-71.3093946,9783228590,0.0,1334,1952307530
82c72223-f521-3a34-9b9b-4ff366365399,CARNEY HOSPITAL,2100 DORCHESTER AVENUE,QUINCY,MA,21691870,42.2509914,-71.0037374,6175062000,0.0,1373,1427360981
7b4c5725-41a1-38e2-8d17-180e0c029fef,PULMONARY & PRIMARY CARE ASSOCIATES OF PLYMOUTH  PC,116 COURT ST,PLYMOUTH,MA,23603808,41.96037605,-70.67160846967218,5087471318,0.0,443,1710016316
01516bed-cf23-30da-ad4f-967d65529743,BRIGHTER SIDE WELLNESS LLC,67 BRIGHAM ST,NEW BEDFORD,MA,27402211,41.62716045,-70.9414201572985,7742026963,0.0,1118,1801266952
15e26ce3-9006-3ce2-9327-493180a15ec1,CIRCLE OF LIFE FAMILY MEDICINE PC,6 GROVE ST,NORWELL,MA,20611534,42.172231693916025,-70.87836493029226,3394692707,0.0,3651,1336388453
b5e6f1bd-c744-3556-9775-5ff8399eea33,CONCORD INTERNAL MEDICINE ASSOCIATES  P.C.,2284 MAIN ST,CONCORD,MA,17423829,42.44300895,-71.42458458423982,9783695575,0.0,15159,1255485058
719db77c-034f-3079-9b12-0d2ec2efeef9,SOUTH END COMMUNITY HEALTH CENTER INC,1601 WASHINGTON ST,BOSTON,MA,21182006,42.3381394,-71.0748562,6174252000,0.0,1511,1619927233
83579123-f29c-39b8-9f5f-8f79e91683c7,NASH HEALTH CARE PRACTICES LLC,100 CENTURY DR,WORCESTER,MA,16061244,42.3138278,-71.7707002,5083457129,0.0,7963,1770189540
94f6a3ae-7d8d-3cbc-a788-e400732da7e5,COMMUNITY HEALTH CENTER OF FRANKLIN CO INC,450 WEST RIVER ST,ORANGE,MA,13649603,42.5928702,-72.32953998953418,9785447800,0.0,6300,1750337333
4bde4cbc-55f7-3501-90eb-2c88178c7be1,SUN MEDICAL CLINIC  PC,50 MEMORIAL DR,LEOMINSTER,MA,14532238,42.541995,-71.7628835,9788400055,0.0,2493,1053510180
e2eab39c-5195-34aa-b35f-e89e37cfed01,SOUTH SHORE HOSPITAL INC.,55 FOGG ROAD,WEYMOUTH,MA,21893141,42.1755398,-70.9539153674405,7813408000,0.0,3144,1134227606
21989e2e-249c-3b79-acf0-240211e16b4b,WHITTIER STREET NEIGHBORHOOD HEALTH CENTER,1290 TREMONT ST,ROXBURY,MA,21203432,42.3327398,-71.09194864251029,6174271000,0.0,4481,1457397986
b411fd60-9bd5-30f1-99b4-c24a409964a1,WILLOW STREET FAMILY PRACTICE INC,42 ASBURY ST,SOUTH HAMILTON,MA,19821808,42.61322825,-70.87300675048934,9784684101,0.0,984,1619034410
3f75cc55-b046-3d03-b4ff-ec338624ce10,PREMIER HEALTHCARE SERVICES LLC,77 WOLCOTT AVE,NEW BEDFORD,MA,27451033,41.6362152,-70.934205,7742027049,0.0,234,1174089163
73158a24-c079-3fb1-800a-2d7e26d9c566,ST MARYS INTERNAL MEDICINE PC,6 ESSEX CENTER DR,PEABODY,MA,19602907,42.539944,-70.950156,9788546376,0.0,490,1194270413
12b53c77-c450-312f-be60-15972d60f3bf,GOOD HOPE WELLNESS INCORPORATED,38 ROCK ST STE 2,FALL RIVER,MA,27203130,41.702227699999995,-71.15346905000001,5082811064,0.0,49,1285103028
7e4a295e-51a9-3064-8f00-b10e1eec7f38,FAMILY HEALTH CENTER OF WORCESTER  INC.,162 CHANDLER ST,WORCESTER,MA,16092924,42.26037525,-71.81434480717176,5088601080,0.0,213,1720647209
f52777bd-7313-3b27-8dd5-cd3f87bd3275,WALTHAM WESTON INTERNAL MEDICINE ASSOCIATES  P.C.,9 HOPE AVE,WESTWOOD,MA,20902914,42.2139873,-71.2244987,7815476030,0.0,987,1134294697
df3f566c-97e5-31ed-b0fe-4b452666f736,CLASSIC HEALTHCARE MEDICAL GROUP LLC,300 CHESTNUT ST,NEEDHAM,MA,24922477,42.27522125,-71.23743483674366,7815590230,0.0,1367,1649691957
4705a8fd-19cd-32c1-8b3e-34bcfe84d0bd,WELLNESS ON WHEELS PC,55 N WASHINGTON ST,NORTH ATTLEBORO,MA,27601607,41.983529,-71.332241,5083164141,0.0,9078,1831580471
f5ccbb53-e4a0-32e5-a693-02150497a8f4,SOUTH SHORE INTERNAL MEDICINE ASSOCIATES INC.,100 HIGHLAND ST,MILTON,MA,21863881,42.250705749999995,-71.07724199194602,6176988855,0.0,8718,1053475012
497f39dd-280e-3d58-af5b-c5e3a3a09b10,CAPE COD HOSPITAL INC,27 PARK ST,HYANNIS,MA,26015230,41.65363635,-70.27352219234834,5087711800,0.0,52,1326006073
578b56de-fe9c-32e1-aea4-876f8bc01e9c,DR JOHN C CORRIGAN MENTAL HEALTH CENTER,49 HILLSIDE STREET,FALL RIVER,MA,27205211,41.707406500000005,-71.14593659462452,5082357600,0.0,9,1700964947
6618f4ef-656a-347f-b61e-ed4d6c21763a,ZAHEEN MEDICAL CENTER LLC,231 SUTTON ST STE 1A,NORTH ANDOVER,MA,18451620,42.70554405,-71.12856345,9786551042,0.0,3631,1245721240
83445caa-116b-3a1e-a75e-8104d321c4c3,LIGHTHOUSE PRIMARY CARE PC,315 MAIN ST STE 101,NORTH READING,MA,18641326,42.5967338,-71.11988300141903,9782760100,0.0,14122,1588290324
390a2aa4-70b4-3a64-a12f-9bd777834c8d,OUTER CAPE HEALTH SERVICES INC,710 MAIN STREET,HARWICH PORT,MA,26461931,41.669654699920855,-70.06169919459835,5084321400,0.0,113,1255629747
18a96051-91f4-3cba-af96-056ea14dfee0,ANNA JAQUES HOSPITAL SUBACUTE UNIT,25 HIGHLAND AVENUE,NEWBURYPORT,MA,19503872,42.81369325,-70.89091645747592,9784631056,0.0,9,1992779482
c5d5a544-0277-342f-8422-d30848a82438,FAMILY SERVICE ASSOCIATION OF GREATER FALL RIVER INC,151 ROCK ST,FALL RIVER,MA,27203201,41.70365955,-71.15259151299796,5086787542,0.0,1835,1144219551
c2e93fb4-abf2-3210-b6ec-4d1ecb2b76f0,HAVERHILL FAMILY OFFICE LLC,62 BROWN ST,HAVERHILL,MA,1830,42.76512700000001,-71.04617174286321,9785216555,0.0,3716,1851935910
1ab2b5f9-cb95-3236-beec-9b9d4a407c61,BERKSHIRE MEDICAL CENTER INC,725 NORTH ST,PITTSFIELD,MA,12014109,42.4600752,-73.2492795834909,4134472000,0.0,570,1124184494
ec509895-6196-36d1-b91e-272bed7e6196,CHARLES RIVER COMMUNITY HEALTH  INC,40 ARMINGTON ST,ALLSTON,MA,21342406,42.3521617,-71.1375176,6177830500,0.0,2521,1225215452
aebbaa5c-2d54-3002-8042-83f6513ccbd2,PRIMARY CARE FOR MUSCULOSKELETAL INJURIES PLLC,14 TOWNSIDE LN,WALPOLE,MA,20813541,42.1528227,-71.24396289112357,5088890642,0.0,6651,1740950823
41e2a44c-477c-3511-96f9-12c476aa3b6a,DR SOLOMON CARTER FULLER MENTAL HEALTH CENTER,85 E NEWTON ST,BOSTON,MA,21183553,42.3362771,-71.07085295687423,6176268860,0.0,2828,1285759464
f00601d0-d49e-30ed-bc3e-314379f2103e,MELROSE FAMILY OPTICIANS LLC,490 MAIN ST,MELROSE,MA,21763841,42.4550741,-71.0654799,7816650897,0.0,11813,1528291424
5b0cd0a0-f277-3a66-bee6-d64b5be4a3f5,BERKSHIRE MEDICAL CENTER INC - 1,725 NORTH ST,PITTSFIELD,MA,12015493,42.4600752,-73.2492795834909,4134472000,0.0,594,1295765261
c8c30d67-e7cc-30ab-972d-28e97aff18a7,FATHERS UPLIFT FAMILY GROUP LLC,100A WARREN ST,BOSTON,MA,21242012,42.3279429,-71.0831806,6177080870,0.0,2577,1174975452
0a42bb03-b1a7-347d-82f3-4ba02080e55c,RENAISSANCE FAMILY MEDICINE OF WELLESLEY LLC,332 WASHINGTON STREET,WELLESLEY,MA,24816217,42.310362049999995,-71.27601802190625,7812354088,0.0,2707,1962826354
f5b88e0f-3f0a-3400-b56f-26247e2a35ac,EDWARD M KENNEDY COMMUNITY HEALTH CENTER INC,585 LINCOLN ST,WORCESTER,MA,16051906,42.2962766,-71.7688972944814,5088521805,0.0,1360,1700152758
b44955d1-f0e2-3beb-a013-708a81dbe430,SIGNATURE HEALTHCARE MEDICAL GROUP INC,680 CENTRE ST,WEST BRIDGEWATER,MA,23791600,42.0219112,-71.019004,5089417000,0.0,6586,1508804949
ad2dab07-4f85-3950-baaa-7c7cd2aa770c,UNIVERSITY OF MA MED CTR-ESRD,55 LAKE AVENUE NORTH,WORCESTER,MA,16550002,42.2774799,-71.76166994969458,5088560011,0.0,624,1831151455
18b1bb7e-2f93-3253-a7ae-d19c13ffeaa1,GARDEN STATE HEALTHCARE ASSOCIATES LLC,29 E 29TH ST,WEST NEWBURY,MA,19854201,42.8014795,-70.989778,2018587394,0.0,777,1700014545
67d2f85b-ddc7-3ed0-b90b-6fa5b7b8358a,CHARLES RIVER COMMUNITY HEALTH  INC,43 FOUNDRY AVE,WALTHAM,MA,24538313,42.37050535,-71.21908334877376,6177830500,0.0,11566,1750486106
78eb7e47-26d6-37d4-8e01-5eabfc9d068f,FOLEY FAMILY PRACTICE  P.C.,78 BRICKYARD RD,ATHOL,MA,1331,42.58312735,-72.2583516123911,9782497300,0.0,7275,1245313758
1d45436f-15a9-326e-a452-2e9ffc9fc5e5,FAMILY MEDICINE ASSOCIATES,75 SPRINGFIELD RD,WESTFIELD,MA,10851832,42.11142885,-72.71189899299209,4135625173,0.0,463,1023153640
0d9b0d22-585e-3fd8-ab02-26b5be7915d1,THE SHRINERS HOSPITAL FOR CHILDREN,516 CAREW ST,SPRINGFIELD,MA,11042330,42.12133575,-72.59217953646302,4137872000,0.0,931,1528195724
0d1570ab-371c-3898-9397-95905d8c5166,TUFTS MEDICAL CENTER  INC,750 WASHINGTON ST,BOSTON,MA,21111552,42.3499038,-71.0631836,6176365442,0.0,1639,1053350306
4b7e26e6-e5b1-38c9-b4ac-fde9a0f93177,FATHER BILL'S PLACE,38 BROAD STREET,QUINCY,MA,21694604,42.2560352,-70.99469254391217,8576541706,0.0,10474,1336382944
94dda4e1-7476-367a-b1f8-37ea7f61a1b7,WHITTIER REHABILITATION HOSPITAL - BRADFORD,145 WARD HILL AVENUE,WESTBOROUGH,MA,15811017,42.2694308,-71.6129907,9783728000,0.0,1111,1235301797
01bb7b5c-f850-3c4e-a3f1-442d8273559a,NORTHAMPTON WELLNESS ASSOCIATES LLC,395 PLEASANT ST,NORTHAMPTON,MA,10603914,42.3150543,-72.62555561349089,4135847787,0.0,10269,1538233259
c0a33465-d309-3d2a-932e-9d554a7cc19c,T MASSACHUSETTS  LLC,100 CENTURY DR,WORCESTER,MA,16061244,42.3138278,-71.7707002,7743667000,0.0,805,1346728748
94c70730-f430-3878-972c-d06d65cfce1d,COMMUNITY HEALTH PROGRAMS INC,71 HOSPITAL AVENUE,NORTH ADAMS,MA,12472504,42.70714585,-73.10965876407255,4136644088,0.0,4422,1194195206
0583e4f7-f1c2-3100-8e0c-d0decc7ef261,COMMUNITY HEALTH CENTER OF CAPE COD  INC.,123 WATERHOUSE ROAD,BOURNE,MA,25323890,41.72840155,-70.58506829999999,5084777090,0.0,361,1710136999
ce81052f-7c77-3cd7-8c30-930339a79ceb,BOSTON HEALTH CARE FOR THE HOMELESS PROGRAM INC,363 ALBANY ST,BOSTON,MA,21182503,42.342456,-71.062887,8576541865,0.0,2088,1205080355
1cbe28ad-2332-3d1c-9015-b5017aac57ce,EDWARD M KENNEDY COMMUNITY HEALTH CENTER INC,72 UNION AVE,FRAMINGHAM,MA,17028216,42.27999166666667,-71.417736,5082705700,0.0,110,1497984363
689f8809-c101-38db-b3c9-580b4c37f268,VINEYARD MEDICAL CARE LLC,364 STATE RD,VINEYARD HAVEN,MA,25685624,41.44720825,-70.61474940346154,5086934400,0.0,7448,1346649886
6450f09c-28fc-3815-abfb-62056b72e508,STONY BROOK PRIMARY CARE LLC,20 RESEARCH PL,NORTH CHELMSFORD,MA,18632455,42.6389798,-71.3828403,9784469850,0.0,828,1790945160
80646050-1c76-3046-bbc8-fd5f0b7c34e6,COMMUNITY HEALTH CONNECTIONS  INC,140 ARNHOW FARM ROAD,FITCHBURG,MA,14201369,42.5903661,-71.8119837,9788788100,0.0,3743,1053729426
0a689d33-2b0d-3942-8de8-e28812e91c69,MEASURED WELLNESS LLC,47 SEAVERNS AVE # 5,BROOKLINE,MA,24463806,42.3317642,-71.1211635,5137482498,0.0,9681,1588273320
cac6f8b3-eafd-31b3-9fa3-8015752ccc2c,VHS ACQUISITION SUBSIDIARY NUMBER 7 INC,123 SUMMER ST,WORCESTER,MA,16081216,42.26496835,-71.79655403681465,5083636211,0.0,135,1326010406
6e517750-a29e-3170-a02b-5733ff523458,TREE OF LIFE HEALTHCARE ASSOCIATES,101 BARRY RD,WORCESTER,MA,16091275,42.3030701,-71.8333408960994,5087677931,0.0,6337,1326395013
1b3fe590-8793-3f08-865d-01fc425a84d4,FENWAY COMMUNITY HEALTH CENTER  INC,1340 BOYLSTON ST,BOSTON,MA,22154302,42.34392675,-71.09888049065322,6179274880,0.0,15890,1003804725
0be0e035-8dad-387e-bbdd-a5a469c4311f,PODIATRY HEALTHCARE P.C.,480 MAPLE ST,DANVERS,MA,19234065,42.584178050000006,-70.97197467750539,9783048403,0.0,3723,1669551958
3f12ebb4-e03c-3453-88d2-4fc9682383df,NEW BEDFORD INTERNAL MEDICINE & GERIATRICS  LLC,726 COUNTY ST,NORTH DARTMOUTH,MA,27473603,41.6389926,-70.9703171,5089845671,0.0,18212,1912985433
a9fc7aa5-d3b3-314d-9cf7-af29051d3dd9,MANET COMMUNITY HEALTH CENTER  INC AT HOUGHS NECK,1193 SEA STREET,TAUNTON,MA,27803960,41.8946107,-71.11113,6174718683,0.0,701,1861817504
8af3b144-0e1a-3c90-937d-81a4ed026080,NORWOOD HOSPITAL,800 WASHINGTON STREET,NORWOOD,MA,20623489,42.1886973,-71.2005241,7817694000,0.0,976,1952613416
02f1998b-3ff7-385f-89ce-642d33b01d5c,FAIRVIEW HOSPITAL,71 HOSPITAL AVE,NORTH ADAMS,MA,12472504,42.70714585,-73.10965876407255,4136645710,0.0,4224,1639737042
9fdce5d5-d4d0-3156-a8d5-8757bfe4e9b3,ONE CALL HEALTHCARE PLLC,1 FARMER CIR,ARLINGTON,MA,24742866,42.42405225,-71.16792616556859,6178660789,0.0,10069,1346791654
a35fd733-dc1a-33f0-a308-292ff5581287,PIONEER VALLEY INTERNAL MEDICINE  PC,15 STRAW AVE,FLORENCE,MA,10621491,42.335654,-72.663286,4135842333,0.0,114,1275587057
b014aec7-7bd8-351f-8808-3e280cbc5be6,STEWARD HOLY FAMILY HOSPITAL INC,70 EAST ST,HAVERHILL,MA,18306700,42.7777829,-71.0767724,9786870151,0.0,134,1245543032
f1664435-2eca-3eff-bd1a-13701e7ad1bd,STANFORD HEALTH CARE,300 PASTEUR DRIVE,NEWTON,MA,24592058,42.3370414,-71.2092214,6507234000,0.0,8538,1437292927
125eccb3-d003-34ea-9bd8-360dff059782,NEW ENGLAND BAPTIST HOSPITAL,125 PARKER HILL AVENUE,DEDHAM,MA,20266146,42.2489143,-71.1755732,6177545800,0.0,461,1699767491
fc90e623-9edb-30a7-9040-29968f8ebaa8,SHERIDAN HEALTHCARE OF MASSACHUSETTS PC,271 CAREW ST,SPRINGFIELD,MA,11042377,42.11597825,-72.59301656598424,9548382371,0.0,2104,1497939789
40dd62f9-85ca-34e7-a20e-449daa16f4a5,MERCY MEDICAL CTR,271 CAREW ST,SPRINGFIELD,MA,11043581,42.11597825,-72.59301656598424,4137489000,0.0,46,1750360798
c5742266-625d-3824-9ed3-4b5c6bc3e296,SPECTRUM HEALTHCARE PARTNERS PA,22 BRAMHALL ST,SCITUATE,MA,20664312,42.1939754,-70.7697128,2076622571,0.0,14297,1669488011
b242f971-3c74-3778-b148-81366c1e6a3f,WALDEN BEHAVIORAL CARE LLC,10 CAREMATRIX DR,DEDHAM,MA,20266149,42.2270762,-71.17237295563174,7816476700,0.0,281,1992778781
a8a4e435-687f-3ecb-9af8-09b4636d1a1a,CAPE COD FREE CLINIC AND COMMUNITY HLTH CTR,107 COMMERCIAL ST,MASHPEE,MA,26496507,41.60736455,-70.49065684933157,5084777090,0.0,50,1821193145
e5b9db6a-8dd8-3622-b9ce-3dc593e111d1,ENGRACE HEALTHCARE PRACTICE LLC,1223 BEACON ST STE A,BROOKLINE,MA,24465332,42.3430087,-71.1170155,6177391122,0.0,7189,1013416387
36c8b677-a6ce-3266-b71e-ed86d778d0fa,WESTBOROUGH BEHAVIORAL HEALTHCARE HOSPITAL  LLC,300 FRIBERG PKWY,WESTBOROUGH,MA,15813900,42.28350315,-71.58027718702151,5083296300,0.0,549,1861901910
e92dad8b-f485-315a-8fc4-1d7adfdc9c00,NORTHEAST BEHAVIORAL HEALTH LLC,581 FAUNCE CORNER RD,DARTMOUTH,MA,27471242,41.676111381167445,-70.98788528176077,5082079800,0.0,445,1275920001
a1a024f0-95e2-3db4-a771-e2f17c5da162,FAMILY AND COMMUNITY RESOURCES INC,18 NEWTON ST,BROCKTON,MA,23015115,42.0785392,-71.02602473630952,5085836498,0.0,225,1821159880
dd23b7d3-7275-3140-a984-1bfb9b8c4da1,GERIATRIC INTERNAL MEDICINE SPECIALISTS  LLC,2 KIRKAT WAY,NEW BEDFORD,MA,27441052,41.6362152,-70.934205,5088589197,0.0,338,1437454287
aad05540-c9cb-3805-b3c4-f9b9d9b42b2e,RIVER'S EDGE PRIMARY CARE LLC,821 E MAIN ST STE 3,CHICOPEE,MA,10206306,42.15577479530051,-72.55672263289513,4136956774,0.0,33969,1790378487
ce3b504c-f15c-3bcf-ba6e-dcb551cc7d7f,BOSTON HEALTH CARE FOR THE HOMELESS PROGRAM INC,112 SOUTHAMPTON ST,BOSTON,MA,21182711,42.33240995,-71.06915010706255,6175342881,0.0,3921,1780827394
eea92149-820f-301f-911e-b170e8312842,ST VINCENT HOSPITAL,123 SUMMER STREET,WORCESTER,MA,16102177,42.26496835,-71.79655403681465,5083635000,0.0,151,1538131214
19a3afba-b409-3650-a0ab-f3faf6e391ef,ASSOCIATED PHYSICIANS OF HARVARD MEDICAL FACULTY PHYSICIANS AT BETH IS,199 REEDSDALE RD,WALTHAM,MA,24511433,42.3756401,-71.2358004,6176964600,0.0,1034,1245773308
0e9d0119-1157-35a0-8bb5-7e0aa3041928,CARING HEALTH CENTER  INC,1049 MAIN STREET,SPRINGFIELD,MA,11032114,42.09977055,-72.58470990760483,4136931007,0.0,6509,1659476356
83a08dcf-7ed6-3d2e-afc0-a72c05d2563c,GREATER LAWRENCE FAMILY HEALTH CENTER INC,755 MAIN ST,HAVERHILL,MA,18302166,42.797835,-71.0878121,9786860090,0.0,5435,1003437344
25c85bcc-7e25-36bc-89e8-08e0d473db23,A&A HEALTHCARE LLC,138 S MAIN ST STE 14,MILFORD,MA,17573272,42.1270746,-71.51639128815474,5082414877,0.0,44206,1023584240
b90ee64e-4559-32db-97d7-0341740a71f1,PRIMARY PHYSICIAN PARTNERS,123 SUMMER ST,WORCESTER,MA,16081216,42.26496835,-71.79655403681465,5083637300,0.0,2473,1518971860
671a8184-bf6f-3ec2-b307-3ff70e604912,WORCESTER INTERNAL MEDICINE  INC.,405 GROVE ST,WORCESTER,MA,16041086,42.28737115,-71.80791697272812,5087561808,0.0,1017,1063565422
c9aabcbd-d4e0-391f-8980-d0be6934ea82,VIGILANT FAMILY HEALTH CLINIC  INC.,340 PLEASANT ST,BROCKTON,MA,23013236,42.08764334999999,-71.03287346676532,8579918438,0.0,9286,1679938112
6ff4bb75-c014-3f73-a574-620cf1538d85,MERCY FAMILY PRACTICE PC,250 GREEN ST,GARDNER,MA,1440,42.586896550000006,-71.98672640006858,9786326445,0.0,51,1295717106
2fb77691-5353-358a-bc94-90af77dd654b,NASHOBA VALLEY MEDICAL CENTER  A STEWARD FAMILY HOSPITAL INC,200 GROTON RD,AYER,MA,14321168,42.57735215,-71.57414587343038,9787849000,0.0,831,1700216850
d6c165ec-d9ca-35a5-9bc8-2061cbfb83a2,CHELMSFORD FAMILY PRACTICE  PC,10 ADAMS ST,NORTH CHELMSFORD,MA,18631780,42.6389249,-71.3840196,9782513159,0.0,686,1629082177
cbebae9e-f95e-3d2c-9712-289ea8d6aeec,ARBOUR HOSPITAL  THE,49 ROBINWOOD AVENUE,QUINCY,MA,21698130,42.2509914,-71.0037374,6175224400,0.0,1424,1821068818
1cec4304-9757-3a10-ad4f-7e2090c56131,UMASS MEMORIAL MEDICAL CENTER INC,55 LAKE AVE N,WORCESTER,MA,16550002,42.2774799,-71.76166994969458,5083340254,0.0,10628,1689760092
5862e05c-9533-3f7a-8f73-215d50f5ee2f,HEBREW REHABILITATION CENTER,1200 CENTRE ST,ROSLINDALE,MA,21311000,42.29768,-71.130463,6173258000,0.0,540,1437155967
f646a4e8-340f-3204-bee5-ef23f4da97c5,PERSONAL PRIMARY CARE AND WEIGHT MANAGEMENT  LLC,299 CAREW ST STE 234,SPRINGFIELD,MA,11042368,42.115589400000005,-72.59283074638886,4137872575,0.0,1232,1376068817
a8f1424c-00bc-3403-8db5-cd600978f3a4,CONNECTICUT RIVER INTERNISTS. LLP,8 BURNHAM ST,TURNERS FALLS,MA,13761816,42.6042523,-72.5564777,4137745554,0.0,18191,1952328981
55809329-c479-30a9-824e-4768d46c0244,NEW ENGLAND PRIMARY CARE ASSOCIATES P.C.,280 MERRIMACK ST STE 103,LAWRENCE,MA,18431780,42.70271530167854,-71.14888290326759,9786852455,0.0,793,1295013191
411f14a5-de79-3e08-81d6-301270cc2275,RHEUMATOLOGY AND INTERNAL MEDICINE ASSOCIATES PC,64 CONCORD STREET,WILMINGTON,MA,18872179,42.55962465,-71.13772203658047,9786641606,0.0,8804,1386754588
471f7ca2-38f8-3080-8109-187c73ec0b1f,SALEM FAMILY HEALTH CENTER,27 CONGRESS ST,SALEM,MA,19707308,42.518722068313224,-70.88940635956651,9787448388,0.0,11501,1366582090
a5577e5c-b886-37a0-8eee-8ff6feb7ea6b,MOUNT AUBURN HOSPITAL,330 MOUNT AUBURN ST,CAMBRIDGE,MA,21385502,42.3741033,-71.13417575971958,6174923500,0.0,1424,1649254491
20df65a4-7567-3066-b680-0f71b0c31d38,HENRY HEYWOOD MEMORIAL HOSPITAL,242 GREEN ST,GARDNER,MA,14401336,42.58685735,-71.98748072431209,9786323420,0.0,22,1457685299
5581e43d-0463-3a0b-afc7-a60aea5ac96c,GREATER LAWRENCE FAMILY HEALTH CENTER INC,57 RIVER RD,ANDOVER,MA,18101144,42.69112645,-71.19636086287642,9786868521,0.0,14575,1255630448
ff8a25dd-fd83-30fc-a1ee-66455ec0dd82,ROOT FAMILY MEDICINE PC,3 EDGEWATER DR,NORWOOD,MA,20624642,42.16067115,-71.20186905283774,7742217697,0.0,1433,1346625985
6ea4d3d6-d820-387a-a3d1-ed5944ad47a2,BLUESKIES WELLNESS INC,232 PLEASANT ST,METHUEN,MA,18447152,42.7397562,-71.17113575205717,9786551823,0.0,11040,1861778003
9b8a7a25-b923-3710-9f3c-d42919a3f54f,COMPASSIONATE CARE INTERNAL MEDICINE  LLC,146 MAIN ST,MAYNARD,MA,17542651,42.4309786,-71.4552968,9788230023,0.0,5992,1205246089
62b55e5b-b58f-354d-8f2d-f2a330bc619e,UMASS MEMORIAL HEALTHALLIANCE CLINTON HOSPITAL INC,201 HIGHLAND ST,CLINTON,MA,15101037,42.42738865,-71.69329092351188,9783683000,0.0,648,1285171934
966245ce-e84d-36b0-a838-2e0b5bb2e668,MATTAPAN COMMUNITY HEALTH CENTER,1425 BLUE HILL AVENUE,MATTAPAN,MA,21262122,42.2754929,-71.09384131587021,6172960061,0.0,2109,1639240393
5b20f93b-fde3-34e2-a878-729686a22042,BOSTON UNIVERSITY FAMILY MEDICINE INC,1 BOSTON MEDICAL CTR PL,BOSTON,MA,22151394,42.3554334,-71.060511,6174142080,0.0,298,1134166390
58d6127e-ee48-37c3-9f2d-dcd3c050fb25,HILLTOWN COMMUNITY HEALTH CENTERS INC,73 RUSSELL RD,HUNTINGTON,MA,10509777,42.2244752,-72.8709216,4136673009,0.0,427,1518946904
b574fc4f-313c-38a4-9baf-7e12e431a499,SAVARD & MOSKOS EYE HEALTH CARE  LLC,511 W GROVE ST,MIDDLEBORO,MA,23461479,41.90036455,-70.9535889372234,5089477321,0.0,7527,1851579114
9dbd44ba-59b2-3d1d-ac91-3880af8081d2,INTEGRATIVE FAMILY MEDICINE ASSOCIATES,529 MAIN ST STE B,ACTON,MA,17203965,42.4878132338563,-71.43046999422496,9786351800,0.0,26573,1063820413
2bde75a8-708f-3930-8d57-100ab365d413,WELLESLEY FAMILY CARE ASSOCIATES  PC,173 WORCESTER ST,WELLESLEY,MA,24815521,42.2964859,-71.2925571,7812357900,0.0,2621,1902056310
b7866c75-5e56-36b0-b9c5-c63051677b69,PLYMOUTH BAY INTERNAL MEDICINE,45 RESNIK RD,SANDWICH,MA,2563,41.7579043,-70.4968152,5087462696,0.0,75,1487783536
b5e54a54-ad38-39f3-a5d4-6e73e5d76d2d,MULTICULTURAL WELLNESS CENTER INC,44 FRONT ST FL 3,WORCESTER,MA,16081722,42.2625621,-71.8018877,5087524665,0.0,573,1497995757
9656a864-3b93-356f-9fa6-d7988e249977,ENRICH WELLNESS HEALTH CENTER LLC,950 N MAIN ST STE 203,RANDOLPH,MA,23683064,42.1871612,-71.0568102,5088120706,0.0,25172,1003438441
4eddfa13-f996-3048-9bbc-541b0a29038a,STEWARD ST ELIZABETHS MEDICAL CENTER OF BOSTON INC,736 CAMBRIDGE ST,BRIGHTON,MA,21353601,42.348649949999995,-71.14799584850206,6177893000,0.0,9134,1174836852
845fbd9b-2d1c-39a8-8261-28ae40e4fab2,MILFORD REGIONAL MEDICAL CENTER,14 PROSPECT STREET,UPTON,MA,15681431,42.1700209025178,-71.59409308099494,5084731190,0.0,1641,1477527497
bac9dc0c-cb0f-3fa6-aa12-819dd0fb922a,CAMBRIDGE PUBLIC HEALTH COMMISSION,1493 CAMBRIDGE ST,SOMERVILLE,MA,21452935,42.3875968,-71.0994968,6176651000,0.0,832,1487603585
84d5768f-3a21-3da9-aad2-bbf7a3ae2700,LOWELL FAMILY MEDICAL CARE PC,817 MERRIMACK ST,LOWELL,MA,18543548,42.650296999999995,-71.32263756223612,9784530550,0.0,4719,1871720086
af8566eb-8918-3ec7-ba44-92b6a2cf8097,NORTH SHORE MEDICAL CENTER INC,81 HIGHLAND AVE,SALEM,MA,19702714,42.5112107,-70.90516241826194,9787410522,0.0,1663,1417972647
ecd3b321-0a8a-3ce6-81f0-982dd77fce43,ANNA JAQUES HOSPITAL SUBACUTE UNIT,25 HIGHLAND AVE,NEWBURYPORT,MA,19503867,42.81369325,-70.89091645747592,9784631000,0.0,16,1619061769
0ebe55cb-ce87-31fb-bced-cfe11130b290,MEDICAL CARE OF BOSTON MANAGEMENT CORPORATION,464 HILLSIDE AVE,WEYMOUTH,MA,21893104,42.2212188,-70.9391625,6177540730,0.0,2764,1437196359
2fbb592e-2154-3a4d-856e-467d7ba5bed7,FAIRVIEW HOSPITAL,780 MAIN ST,GREAT BARRINGTON,MA,12302148,42.17823835,-73.36310566431717,4135288643,0.0,44,1881252286
4f5e8f16-a31b-3071-8556-d7188ede313d,HOLYOKE MEDICAL CENTER INC,575 BEECH ST,HOLYOKE,MA,10402223,42.20105435,-72.628169560868,4135342805,0.0,3154,1083776140
69cb2157-b620-3c51-9c94-f516462d2d55,FAMILY PRACTICE GROUP PC,11 WATER ST,ARLINGTON,MA,2476,42.41642055,-71.15424293038585,7816489700,0.0,7336,1801953849
ae3eab22-8868-37bb-9a59-2b8bfe14bf34,ATHOL MEMORIAL HOSPITAL,2033 MAIN STREET,ATHOL,MA,1331,42.58522105,-72.20868129339888,9782493511,0.0,1569,1336120047
218e58e4-9642-3ebd-9b39-34d15f22c620,COMMUNICATIVE HEALTH CARE ASSOCIATES INC.,977 MAIN ST,WALTHAM,MA,24517406,42.376452150000006,-71.25063779999999,7818994709,0.0,12727,1942320379
9a20d707-68e4-32c0-b2b2-2f5d5c2012cd,CLARITY HEALTH & WELLNESS LLC,131 CAMBRIDGE ST STE 1,BURLINGTON,MA,18033711,42.50284395,-71.19574553661971,7812652572,0.0,11219,1104425693
f90ef475-defe-363d-a926-573b38f804a2,PRIMARY CARE FOR ADULTS PLLC,54 HOPEDALE ST,HOPKINTON,MA,17481672,42.2288875,-71.5196439,5084738373,0.0,12826,1669710547
071a898d-3535-39fd-bf61-d33301aacd04,TRANQUIL MIND & WELLNESS,104 CHARLES ELDRIDGE RD,LAKEVILLE,MA,23471370,41.8459353,-70.9494854,5089471683,0.0,3658,1376754267
b4ca31a9-9d34-3ea1-93c4-443941622304,COMMUNITY HEALTH CENTER OF FRANKLIN COUNTY INCORPORATED,102 MAIN ST,GREENFIELD,MA,13013224,42.5879173,-72.6055828841603,4133258500,0.0,14910,1457300329
43ee6bb5-8efa-3bfc-8ca8-1579a5267753,STEWARD GOOD SAMARITAN MEDICAL CENTER  INC.,235 N PEARL ST,BROCKTON,MA,23011794,42.09805395,-71.0609587194362,5084273000,0.0,187,1164735957
63b93742-6c13-3309-92b6-f7c858e9f320,FAMILY AND COMMUNITY SOLUTIONS INC,77B WARREN ST,BRIGHTON,MA,21353601,42.348002699999995,-71.14205064012461,6177871901,0.0,2896,1922043876
05fcf001-ab24-3d7d-85f7-f64942d82738,ENCOMPASS HEALTH BRAINTREE HOSPITAL OF BRAINTREE,250 POND STREET,FRAMINGHAM,MA,17014592,42.2838619,-71.4093719,7818485353,0.0,2100,1962839316
8789c07e-d15d-378d-ba2b-d2b49ebb6db4,NEW ENGLAND MEDICAL CENTER GROUP PRACTICE INC,800 WASHINGTON ST,WOBURN,MA,18011976,42.4946907,-71.1242899,6176365000,0.0,2449,1487601787
e87cda4c-1ad8-3a9e-b55f-7bfe987610ce,COMMUNITY HEALTH CONNECTIONS,326 NICHOLS RD,FITCHBURG,MA,14201914,42.5974358,-71.80761197366103,9788788100,0.0,1241,1477580827
e7b77e8f-b607-3273-aef9-ad1bca48813f,ZION HEALTH & WELLNESS LLC,209 W CENTRAL ST STE 216,NATICK,MA,17603716,42.28202598359604,-71.3899479380402,7745970925,0.0,10400,1689291304
05cd3fbb-08ce-38bf-b680-721a3e902d43,PODIATRIC HEALTHCARE PC,9 WARREN CT,SALEM,MA,19703163,42.51586993877551,-70.90514912244899,9787441309,0.0,4597,1407933732
0e3a24c3-b772-3059-b3fd-8a4710068a82,LAKESIDE FAMILY PRACTICE,416 BROADWAY,RAYNHAM,MA,27671737,41.9406808,-71.07864352196617,5088285020,0.0,8088,1528176179
28d71598-85eb-3a0e-90c1-22e0be1af57c,PARADIGM HEALTHCARE  PC,38 MULBERRY ST STE 204,NORTHAMPTON,MA,10602832,42.35436315,-72.70256804599192,4133550761,0.0,67,1932575974
a537b406-fdfa-36b4-84da-12512e7e6c63,STEWARD ST. ANNES HOSPITAL CORPORATION,795 MIDDLE ST,STOUGHTON,MA,20721829,42.1252079,-71.1022015,5086745600,0.0,121,1629381413
d24e558b-6659-3c62-bfa7-938aa245c8a8,DRUM HILL PRIMARY CARE LLC,4 COURTHOUSE LANE SUITE 1-3,CHELMSFORD,MA,18241737,42.62439345,-71.35881000636567,9784520052,0.0,1131,1144497256
e5d50afe-8c7d-35f5-96f5-fb8941403b0f,VMD PRIMARY PROVIDERS MASSACHUSETTS PLLC,125 S CLARK ST STE 900,FALL RIVER,MA,2722,41.74223,-71.129706,3124657900,0.0,8546,1912573999
4a2eeae3-1d8f-3933-b177-f8b74b103338,BOSTON HEALTH CARE FOR THE HOMELESS PROGRAM INC,17 COURT ST,BOSTON,MA,21082601,42.3590416,-71.0583916,6173711723,0.0,1249,1063655678
7baecfbc-ac9c-3f96-9db7-6453ab224b73,MAIN STREET FAMILY PRACTICE PC,675 MAIN ST,MELROSE,MA,2176,42.4586199,-71.0629807,7816624934,0.0,1257,1598739526
9adfae03-673d-365d-9052-f705098fa3e4,THE SHRINERS HOSPITAL FOR CHILDREN,51 BLOSSOM ST,BOSTON,MA,21142699,42.36305545,-71.06643399281765,1617722300,0.0,2224,1114053782
48a07866-e8d7-3268-aa3c-ca3237c8e6f3,BOSTON PAIN CLINIC & PRIMARY CARE PC,188 PROVIDENCE ST,HYDE PARK,MA,21361861,42.2682551,-71.12174592925336,6173612166,0.0,12142,1790810745
9f85a8c8-007c-3490-a7b7-4a0324c13307,CHAE INTERNAL MEDICINE LLC,70 FULTON ST,BOSTON,MA,21091402,42.362439499999994,-71.05377386223965,6178764344,0.0,3201,1679185722
25431f9a-00e4-36d8-9810-4125328eec50,THE GENERAL HOSPITAL CORPORATION,55 FRUIT ST,WALTHAM,MA,2451,42.3756401,-71.2358004,6177262000,0.0,1076,1023049236
89171335-b9c0-3326-98d6-a837d432b9fd,WHITTIER REHABILTATION HOSPITAL,150 FLANDERS ROAD,LYNN,MA,19042915,42.466763,-70.9494939,5088712063,0.0,476,1407827710
7cd7fc5c-3fa7-3b6e-b3c9-0dbaec2a3470,HOLYOKE HEALTH CENTER INC,505 FRONT STREET,CHICOPEE,MA,10133140,42.14871685,-72.59756969862315,4134202222,0.0,6028,1518948595
c1a85a41-6758-3edc-95ec-238b8ac72a40,FAMILY CARE ASSOCIATES LLC,65 CENTRAL ST,GEORGETOWN,MA,18332112,42.7211656,-70.99324119227308,9783527780,0.0,516,1417969817
979d5316-97f4-335d-af9d-d0afba85dc6a,NANTUCKET COTTAGE HOSPITAL,57 PROSPECT ST,NANTUCKET,MA,25542799,41.27514065,-70.10108985970798,5088258100,0.0,5,1750448767
1484fc69-2eb0-3bba-8656-d5ead4973895,INTEGRATED FAMILY WELLNESS PC,260 MERRIMAC ST,NEWBURYPORT,MA,19502192,42.817380099999994,-70.88125573659471,9784999355,0.0,457,1164659280
d0534259-63f4-3e61-b66f-dff6d6f655f1,NEW ENGLAND ALLERGY ASTHMA IMMUNOLOGY AND PRIMARY CARE P.C..,555 TURNPIKE ST,NORTH ANDOVER,MA,18455935,42.665488999999994,-71.11617940933073,9786834299,0.0,716,1114009339
217cb6f6-e822-3831-9d9d-ffa104971042,ENCOMPASS HEALTH REHABILITATION HOSP OF NEW ENGLAN,2 REHABILITATION WAY,WOBURN,MA,18016003,42.46352265,-71.161925472006,7819355050,0.0,1011,1215364682
4e56c7ec-99e5-3023-8e4f-95ad18a03f06,UNITED MEDICAL CARE LLC,28 RIVERSIDE DR STE 101,PEMBROKE,MA,23594947,42.11004715,-70.77534154695786,5089715500,0.0,25699,1396323143
e2a8b444-9b8f-36ff-84c4-05ee98589482,WHITLEY WELLNESS LLC,8 SHIPWAY PL # C-8,CHARLESTOWN,MA,21294301,42.3778749,-71.0619957,3254399799,0.0,49632,1205298148
71f4c23f-7559-31ff-8f42-a672e80b85a2,SPAULDING REHABILITATION HOSPITAL,300 FIRST AVENUE,WESTBOROUGH,MA,15812831,42.2694308,-71.6129907,6177206400,0.0,1030,1780600825
e0cc7e8e-e1a4-3a02-b589-0a35741d39fe,SUNSHINE WELLNESS INC,990 PARADISE RD,SWAMPSCOTT,MA,19071831,42.48374535000001,-70.90120467000462,6179353609,0.0,5333,1437440807
43f37d29-0bcb-3d84-b9c0-9ee4f2485ff2,TAG VIRTUAL WELLNESS LLC,168 WALTON RD UNIT 19,ROWLEY,MA,19692014,42.7136977,-70.8818364,6172939978,0.0,3403,1760099360
db60692f-cbef-315b-9fce-38a7f015c482,SOUTH SHORE PRIMARY CARE PC,72 SHARPE STREET,SCITUATE,MA,20664534,42.1939754,-70.7697128,7813312010,0.0,13530,1356308712
883f57b8-89c6-3dc4-b6da-047705c88623,SOUTHCOAST HOSPITALS GROUP INC,363 HIGHLAND AVE,FALL RIVER,MA,27203703,41.7093779,-71.1460783680883,5086793131,0.0,9,1750301636
9ba25035-53e5-344b-9b9e-94331a58d1d4,BOSTON HEALTH CARE INC,420 MAIN ST,WALPOLE,MA,20812553,42.161882199999994,-71.2388707178431,5086607949,0.0,10370,1821065640
0a2252ba-33de-322f-8f0a-e5b0141f1780,HARVARD STREET NEIGHBORHOOD HEALTH CENTER,632 BLUE  HILL AVENUE,DORCHESTER,MA,21213213,42.2941088,-71.0885355,6178253400,0.0,7185,1902954449
f3a64526-e8aa-36bb-ac9a-4a6b9fd7d0f6,AESCLEPION HEALTHCARE LLC,385 GROVE ST,WORCESTER,MA,16062726,42.286333299999995,-71.80745147942015,5087569200,0.0,1284,1265626493
2fc3d86d-4194-3ad1-bb8a-99d5d34119a1,QUINCY PRIMARY HEALTHCARE PC,300 CONGRESS ST STE 203,QUINCY,MA,21690907,42.2345525,-71.01493330273374,6174811771,0.0,13429,1720597537
e1892a2c-6dca-3c4c-93b7-0e00a9eb8b61,PRIMARY & PREVENTIVE CARE  INC.,20 EAST ST,HANOVER,MA,23391638,42.1278249,-70.82664947485381,7818263146,0.0,38187,1992035380
67cade01-dcfe-37b7-8e2c-b712d9e6fbba,RUTLAND FAMILY HEALTH CENTER,694 MAIN ST,HOLDEN,MA,15201862,42.3406819,-71.8390289,5088866500,0.0,4053,1205073012
11a40a26-a5a3-331d-aef0-d06dd90e2b4e,CAPE COD PRIMARY CARE LLC,10 OSTERVILLE WEST BARNSTABLE RD,YARMOUTH PORT,MA,26752000,41.7020544,-70.249465,5084282620,0.0,64,1912412131
9f368e75-397f-3d77-a317-9a005512a4e2,EASTERN & WESTERN MEDICAL CENTER PC,381 PARK AVE,WORCESTER,MA,16101026,42.2583962,-71.82204240042036,5087923200,0.0,7185,1144693128
0dfa7ab2-4acc-360c-ab55-beb8e38a8c1d,HUGHES HEALTH AND WELLNESS,36 CORTADGE PARK,PLYMOUTH,MA,23607320,41.9426657,-70.7618592,5082807214,0.0,6034,1114501590
01222fd8-89bf-3d48-a0ed-95f572bb622c,BISSON WELLNESS INC,345 COURT ST STE LL2,PLYMOUTH,MA,23604329,41.97592055,-70.68653014146545,7743163111,0.0,2354,1033777685
19f958ef-57cf-33c1-b068-14b32a980813,DRACUT FAMILY HEALTHCARE,155 BROADWAY RD,DRACUT,MA,18262754,42.67578279999999,-71.29320171860073,9784580475,0.0,4227,1639386568
da2e8443-a0d6-3e87-b651-e2697615f4b5,NEWTON-WELLESLEY INTERNISTS  P.C.,2000 WASHINGTON ST,NEWTON,MA,24621624,42.332192250000006,-71.24597794166553,6179645020,0.0,4541,1891805370
035b7574-2fec-3922-8b57-2388164422e6,GREATER NEW BEDFORD COMMUNITY HEALTH CENTER INC,874 PURCHASE ST,NEW BEDFORD,MA,27406232,41.636177,-70.926054,5089926553,0.0,916,1982607537
941fb26d-4d24-30af-9c1b-fe0aa8e70cfa,GREATER LAWRENCE FAMILY HEALTH CENTER INC,1 GENERAL ST,LAWRENCE,MA,18412884,42.7097143,-71.15007700778098,9789830488,0.0,490,1013284843
486bf543-9696-3d51-aa70-28a3044ce490,COMMUNITY HEALTH PROGRAMS INC,777 NORTH STREET,PITTSFIELD,MA,12014147,42.46054825,-73.24880457390918,4134998531,0.0,150,1942720214
ebdc1c70-475d-3e06-9d1c-7b6a007ae9a6,METROWEST MEDICAL CARE INC,61 LINCOLN ST,FRAMINGHAM,MA,17028264,42.2834291,-71.4175609,5086207522,0.0,242,1831227826
91808f17-7583-32a3-aa55-23b131b327c7,SOUTH SHORE CENTER FOR WELLNESS LTD,200 CORDWAINER DR,NORWELL,MA,20611671,42.16352995,-70.8846291501739,7818788340,0.0,27779,1720221740
587f07bd-7d69-3291-9aea-abef74f30045,ROOTED WELLNESS LLC,228 ALMONT ST,MATTAPAN,MA,21261487,42.2805395,-71.09839825,8572047067,0.0,3633,1619552411
76baa51d-0d0f-359d-a07b-7b999a43d42e,PATHWAYS HEALTHCARE LLC,101 STATION DR STE 240,WESTWOOD,MA,20902336,42.20728361922244,-71.15698168263435,6174819077,0.0,4679,1740529668
53f086de-2fc7-3d35-92c2-aca4ed944e7f,LAWRENCE GENERAL HOSPITAL,1 GENERAL ST,LAWRENCE,MA,18412961,42.7097143,-71.15007700778098,9786834000,0.0,2990,1750381281
de2ceae4-ddad-3174-9a1b-f32ea37e53f8,ADCARE HOSPITAL OF WORCESTER INC,107 LINCOLN STREET,WORCESTER,MA,16052431,42.276415099999994,-71.79469158738553,5087999000,0.0,18,1134281280
c709c5eb-ddd7-3778-84f7-0931a4d1c718,HEBREW SENIORLIFE AFFILIATED MEDICAL GROUP INC,1200 CENTRE ST,ROSLINDALE,MA,21311000,42.29768,-71.130463,6179715766,0.0,473,1477069391
8d81bd8c-ad6c-37f7-95c9-75fd3de24e86,HEALTHY CONCEPT FAMILY PRACTICE  LLC,118 MAIN ST,STURBRIDGE,MA,15661533,42.0905134,-72.06606362965572,7742410450,0.0,81,1861752271
c0cc8f8d-a479-3f83-9e1f-1fd556b944ef,FAMILY DOCTORS  LLC,250 PARADISE RD,SWAMPSCOTT,MA,1907,42.47638005,-70.91253402512964,7815962000,0.0,2549,1114052495
ac0fde88-b0ad-3388-a4a8-b8fc2a4f4af2,NEW ENGLAND SINAI HOSPITAL,150 YORK STREET,STOUGHTON,MA,20729105,42.1446468,-71.09875876961266,7813644850,0.0,970,1851646087
0e061004-bcc0-3e99-a237-d700823e817b,MOUNTAIN VIEW FAMILY PRACTICE PC,570 BALDWINVILLE RD,BALDWINVILLE,MA,14361351,42.5953045,-72.07447782689232,9789392133,0.0,142,1639409428
d70d47dc-b40c-3a04-8342-35cbfe716409,SENIOR HEALTHCARE ASSOCIATES INC,83 LITTLEFIELD RD,NEWTON,MA,24593010,42.3104327,-71.18883283411856,7816421859,0.0,10237,1730126871
047f6113-bd42-353b-8368-cf2352868915,BOSTON PELVIC HEALTH AND WELLNESS PC,62 WALNUT ST FL 2ND,WELLESLEY,MA,24812109,42.2964859,-71.2925571,6177692100,0.0,2806,1588225973
c67ca7ed-4769-3b6c-a0a9-993f1227ff10,CAPE ANN MEDICAL CENTER LLC,1 BLACKBURN DR,GLOUCESTER,MA,19302237,42.6269312,-70.65555242413386,9782811500,0.0,108,1548682743
612fb151-095d-3d11-942b-5907216f4dbb,GREATER LAWRENCE FAMILY HEALTH CENTER INC,34 HAVERHILL ST,LAWRENCE,MA,18412884,42.71186535,-71.15197382279813,9786896683,0.0,1497,1699774646
ba07b31b-bf14-39b8-be95-4c5ca5062daa,SPAULDING HOSPITAL FOR CONTINUING MED CARE-CAMB,1575 CAMBRIDGE ST,CAMBRIDGE,MA,21384308,42.375209549999994,-71.10711344152975,6178764344,0.0,1187,1023240520
6aae7a31-90df-3455-ad8d-81f8cf2d21e8,BROCKTON HOSPITAL  INC.,680 CENTRE ST,BROCKTON,MA,23023308,42.0872752,-70.9910738855076,5089417000,0.0,2273,1689695405
14036728-b721-3e4b-8755-8ee8ab6ed15e,LONGFELLOW PRIMARY CARE  PC,625 MOUNT AUBURN ST,CAMBRIDGE,MA,21384518,42.375351,-71.1468628,6174924545,0.0,11334,1902001886
