Id,ORGANIZATION,NAME,GENDER,SPECIALITY,ADDRESS,CITY,STATE,ZIP,LAT,LON,ENCOUNTERS,PROCEDURES,NPI
571586f2-fa7e-3efe-8622-9138312322c5,588f6ce6-b8db-3588-8189-29db2680a313,Dorotea472 Valdés907,F,GENERAL PRACTICE,461 WALNUT AVE,JAMAICA PLAIN,MA,21302331,42.3115876,-71.09800136347226,4621,0,9999973693
9635ae17-527f-3b37-b712-d823c37f52ae,b6398e07-4967-31a5-807f-380039a1f303,Aleen595 Lueilwitz711,F,GENERAL PRACTICE,19 TACOMA ST,WORCESTER,MA,16053516,42.30230485,-71.76614692511056,1558,0,9999977090
3303d857-9d18-38a4-a5ff-0670ba11690a,faffaf6a-ee1a-3673-b0b0-421a9c249244,Gustavo235 Armstrong51,M,GENERAL PRACTICE,66 WASHINGTON ST,STOUGHTON,MA,20722571,42.14415820061801,-71.10378319512402,16527,0,9999949297
25c995e6-2822-31be-a0c2-e50bff7cdd70,e09d4c49-c2ef-3b0f-9a46-3719d9219306,Jules135 Emard19,M,GENERAL PRACTICE,60 HOSPITAL RD,LEOMINSTER,MA,14533290,42.54031915,-71.76312990486304,40,0,9999990390
fed811de-7925-3c61-9e86-c28c5a6b540b,77645e49-3f69-3d1d-bb93-dc65210e2fac,Vella930 Ankunding277,F,GENERAL PRACTICE,363 HIGHLAND AVE,FALL RIVER,MA,27205246,41.7093779,-71.1460783680883,9,0,9999995696
54031be2-c91b-3a39-9f80-4385b3fae1b6,d2284f74-b6da-3a15-9791-84cdf2db18fb,Donnell534 Mosciski958,M,GENERAL PRACTICE,331 E FALMOUTH HWY,E FALMOUTH,MA,25366039,41.57853245,-70.5617374807812,137,0,9999962993
db9b7865-b744-3282-9a0c-eb66d642b116,03d0392a-7361-32b3-81c9-8c8ac985be00,Sid118 Daniel959,M,GENERAL PRACTICE,280 WASHINGTON ST STE 204,BROOKLINE,MA,24451922,42.33302785,-71.1193506756953,2703,0,9999964197
32c8fbf2-fee2-31bb-9d5d-60b70c34408f,2f4e1b5e-e2ad-3081-80f5-4521124e9d28,Chasity985 Daniel959,F,GENERAL PRACTICE,171 HIGHLAND ST APT 303,TAUNTON,MA,27804446,41.8946107,-71.11113,733,0,9999943290
aa879a59-f6c4-3fcd-a775-646b3c3604bf,2936ca90-6594-357d-be14-53fe0ab84dd1,Daniel959 Ankunding277,M,GENERAL PRACTICE,11 TREMONT ST,KINGSTON,MA,23641231,42.00823215,-70.72984043580247,32679,0,9999949792
403ba575-afff-312d-9ab9-5579d7fc1b54,e3089df2-a1db-372a-b660-30392d8c197b,Isaiah615 Waters156,M,GENERAL PRACTICE,178 N MAIN ST,SHARON,MA,20671229,42.13301625,-71.17263163492832,1809,0,9999942391
45a0507e-3b77-37a6-9c7f-09a51baa65af,42d4b607-f14d-370a-818e-40965685776c,Luisa710 Piña753,F,GENERAL PRACTICE,3 WASHINGTON ST STE 220,NORTH EASTON,MA,23561034,42.0667665,-71.1036592,45096,0,9999957993
59bd9df8-624e-313d-8df5-0e9e32c5103d,71472d9b-aa5c-3b49-a5c3-d0eee8859015,Tyree261 Kutch271,M,GENERAL PRACTICE,118 WATERHOUSE RD STE C,BOURNE,MA,25328305,41.7281115,-70.5861571324252,73,0,9999951996
48cecc7d-468c-3efc-9dd9-800edec18094,88e28a1c-aad9-36d0-832b-b579ecb95c3d,Isabel214 Saavedra625,F,GENERAL PRACTICE,14 MANNING AVENUE,LEOMINSTER,MA,14535768,42.5253035,-71.7584413,5714,0,9999978395
ac806e8d-a572-3127-a38d-1f9391189908,4cf79e95-2815-3a4c-a3b8-951fe548dd27,Tracey100 Champlin946,F,GENERAL PRACTICE,20 ELM ST,PITTSFIELD,MA,12016502,42.4458896,-73.2448206979669,103,0,9999945097
27791ddb-eda2-3194-90d8-c00980111a47,65450d34-6d61-3601-b325-9d471587b016,Rachael540 Moore224,F,GENERAL PRACTICE,4 COURTHOUSE LN,CHELMSFORD,MA,18241731,42.62439345,-71.35881000636567,951,0,9999961995
54a8357c-3eaa-3f9c-8437-8a6946a2e938,0c8cc36b-3025-37ad-b7ab-50ea3aeea5a8,Jenniffer979 Terry864,F,GENERAL PRACTICE,143 LONGWATER DRIVE,WEYMOUTH,MA,21902432,42.2212188,-70.9391625,2314,0,9999969998
18a2e90e-0719-382e-9281-b14639a56056,3f4167a5-1477-35da-a456-fc05c8858aa7,Ouida808 Bednar518,F,GENERAL PRACTICE,244 MAIN STREET ANNEX,WORCESTER,MA,16023339,42.2625621,-71.8018877,734,0,9999956391
c6a9d971-244c-310f-94bf-1f12240a6827,75f0d4cd-dbbb-3037-b6ad-2e99665728c7,Jaime666 Arce139,M,GENERAL PRACTICE,70 FULTON ST,BOSTON,MA,21091402,42.362439499999994,-71.05377386223965,3093,0,9999943399
e98492ea-0855-33ba-9b21-b5c8f384a51a,39104cad-5228-3e07-9b3e-3ad736b33d5d,Hilda552 Muller251,F,GENERAL PRACTICE,200 PROVIDENCE HWY,DEDHAM,MA,20261881,42.22214545274341,-71.18159060546684,1487,0,9999946699
af7a10c9-b38e-3735-95cd-89679baed604,a3a72023-3f37-3d77-be82-62085a912993,Horace32 Bradtke547,M,GENERAL PRACTICE,311 STATE STREET,SPRINGFIELD,MA,11051140,42.10500795,-72.58124154847081,2477,0,9999974196
f63ac604-67e5-313f-9e89-0103e2e8461e,1311c44a-85cb-3aea-a143-e5d7892ced8b,Rudolf736 Reinger292,M,GENERAL PRACTICE,300 KENSINGTON AVE,SPRINGFIELD,MA,11071139,42.091896,-72.559437,9390,0,9999957597
45c521f5-671d-3b7a-8c91-fab2fa973d0a,817a1428-2045-3e89-9fa2-ef7d287d6fa5,Dana512 Schuster709,M,GENERAL PRACTICE,70-71 N PARISH RD,LAWRENCE,MA,1843,42.690315,-71.150015,5838,0,9999976696
bbc8d455-8fb1-3046-ad93-6210c6b55027,4bf8af75-4da2-331d-b94e-9975a887face,Rudy520 Mosciski958,M,GENERAL PRACTICE,57 PROSPECT ST,NANTUCKET,MA,25542799,41.27514065,-70.10108985970798,53,0,9999972497
1b0279c2-b311-3497-af7e-34ddf4730f62,50a91b37-cb62-3883-aa31-33802f142c2d,Leesa210 Bashirian201,F,GENERAL PRACTICE,65 WALNUT ST,WELLESLEY,MA,24812112,42.32473045,-71.25364984557581,833,0,9999960799
9a04be12-0061-3281-9d6f-078e3062555d,9a9bf61e-44d3-32fd-a027-7138369b1716,Sharen57 Weissnat378,F,GENERAL PRACTICE,194 ROCKDALE AVE,WEYMOUTH,MA,21882519,42.2212188,-70.9391625,2107,0,9999951194
979ca77d-17fc-336c-abba-3a524d5e9452,f945589f-88aa-366b-9e9d-2418d091112d,Ulysses632 Ziemann98,M,GENERAL PRACTICE,105 ERDMAN WAY,LEOMINSTER,MA,14531805,42.54685255,-71.75737313871981,1462,0,9999952598
9e9d9085-a655-39a7-bd21-aa3ed17c70d6,643eac8e-1620-3b6a-b9f3-664b003d22cd,Lasonya941 Kiehn525,F,GENERAL PRACTICE,34 GIFFORD ST,NEW BEDFORD,MA,27442610,41.6177929,-70.91890087055067,2587,0,9999949594
cb15191e-5251-3b2d-9c8d-d4490ac71d9d,5fcff9db-16e4-3e56-aa78-abbc16338097,Margene509 Schamberger479,F,GENERAL PRACTICE,295 VARNUM AVE,WESTFORD,MA,18863513,42.5792583,-71.4378411,314,0,9999994798
dc5781db-da3d-3896-91e5-200cbd3dc465,40c01d75-1542-3e0b-8e5f-78d3031beba1,Broderick767 Reynolds644,M,GENERAL PRACTICE,505 PARADISE RD,SALEM,MA,19704267,42.485927,-70.900301,6775,0,9999968198
eb1853c6-767e-3b31-a3a6-20519eb477f8,84abfbd5-41c1-3df4-9b31-7ca93cb2309a,Jean712 Block661,F,GENERAL PRACTICE,85 HERRICK ST,BEVERLY,MA,19151790,42.56415055,-70.8751357650672,3663,0,9999953190
9cae6e61-8247-33ce-9990-fc4cc20caad5,2617efb0-1afe-3c9c-afbe-2ca94f9c198c,Adrienne302 Jast432,F,GENERAL PRACTICE,140 WOOD RD,WEYMOUTH,MA,21901338,42.2212188,-70.9391625,2486,0,9999953091
94a49bea-b284-3c28-ae52-2d1f7b03da9b,93c3d861-e05d-33b9-91eb-1768470229d7,Garret233 Thiel172,M,GENERAL PRACTICE,10 CENTENNIAL DR,PEABODY,MA,19607938,42.5261827,-70.9529896,2793,0,9999969493
afb0cb84-4465-35cd-bb43-0c26d970379a,c272e12f-e154-3fee-b05d-b7c0cab2657d,Trinidad33 King743,M,GENERAL PRACTICE,800 WASHINGTON ST,NORWOOD,MA,20623487,42.1886973,-71.2005241,1046,0,9999987099
cc3310ef-180b-3afa-8001-13d3698f6053,f6a306cf-7bd6-35f4-a6b7-2d07d273914c,Ariel183 Von197,M,GENERAL PRACTICE,63 FOUNTAIN ST STE 402,FRAMINGHAM,MA,17026280,42.27595495,-71.42631150114194,3579,0,9999943092
7c7c2a65-d912-3a78-bdc4-2f965d16eee8,e49b692f-cccc-3cd5-93df-6db63dfc3e4a,Marlen929 Lemke654,F,GENERAL PRACTICE,1250 HANCOCK ST STE 104N,QUINCY,MA,2169,42.2517569,-71.0033967,1322,0,9999960898
39485ad1-0cca-3100-b9af-d80719f1fdf2,0ddb0329-b59d-3187-874c-602c649249c8,Eldon28 Cassin499,M,GENERAL PRACTICE,115 W SILVER ST,WESTFIELD,MA,10853678,42.1178811,-72.75935246865802,23,0,9999991497
fcd036fe-cd36-3a14-b86b-3ef642547806,5f7663da-4b19-3629-b8f2-fb07d75421d9,Buck819 Johnson679,M,GENERAL PRACTICE,42 ASBURY ST,SOUTH HAMILTON,MA,19821808,42.61322825,-70.87300675048934,1036,0,9999941492
7e4ac821-b244-3625-8956-7e1ad0c87fef,bb3d48eb-0c30-34f4-8950-790fc984741b,Denis399 Frami345,M,GENERAL PRACTICE,1601 WASHINGTON STREET,BOSTON,MA,21181951,42.3381394,-71.0748562,1351,0,9999980193
77131914-5d12-32f2-ad21-7c869ae33a4a,bf556284-7513-3620-a10e-5393183a9a87,Rubén780 Amaya149,M,GENERAL PRACTICE,795 MIDDLE ST,FALL RIVER,MA,27211733,41.6924092,-71.16345107025307,13,0,9999985994
fca394a1-81d2-3763-9736-2b9d811e45ad,9fd71acd-3535-353d-975f-ed7dbf5f9961,Denny560 Herzog843,M,GENERAL PRACTICE,250 GREEN ST,GARDNER,MA,1440,42.586896550000006,-71.98672640006858,55,0,9999971192
3f3e793d-6da5-3fb2-8d4c-ed5112daf8a9,e93b27a8-6507-3595-84a5-f899ce23a72d,Gertha313 Sanford861,F,GENERAL PRACTICE,70 EAST STREET,NORTH ANDOVER,MA,18456144,42.6839894,-71.1127065,7458,0,9999949396
715dad62-4cf3-36db-911f-809d3a5235a7,2b84e56e-08b4-3078-b3ea-4d159208e065,Barton704 Bahringer146,M,GENERAL PRACTICE,1029 PLEASANT ST,BRIDGEWATER,MA,23242301,41.9718173,-71.00937893001648,7679,0,9999950295
a18d02b5-09f3-3f7c-b7d2-2c526990d631,4ffa4412-1493-3beb-b8f0-6614dde953a4,Sulema841 Ryan260,F,GENERAL PRACTICE,363 HIGHLAND AVENUE,WAREHAM,MA,25715011,41.745636,-70.658192,124,0,9999995795
b429729c-6f74-336f-9983-6fdff833cd7c,ede4a423-6258-3ef5-b5ba-0fa6bb579563,Pablo44 Paucek755,M,GENERAL PRACTICE,326 NICHOLS ROAD,FITCHBURG,MA,14205478,42.5974358,-71.80761197366103,968,0,9999973198
3ed5fb74-31b3-354a-b8da-cf0bf75ffe85,69eae27b-7445-3652-bd34-b535abe0b011,Hong136 Schneider199,F,GENERAL PRACTICE,9 BICKNELL ST,QUINCY,MA,21696003,42.252227399999995,-70.96584679278924,11488,0,9999980995
8f2aa494-dadc-3469-8946-ce091c8c77d5,dd9914b0-9491-3330-a890-d34e95e497ea,Taylor21 Haley279,M,GENERAL PRACTICE,1061 PLEASANT ST,NEW BEDFORD,MA,27406728,41.64280275,-70.92865004309593,7903,0,9999967794
25da9310-b5ab-3084-8935-c60766524971,4c1a8ea6-b690-3c28-a02e-ebd82190ee65,Marcos263 Cronin387,M,GENERAL PRACTICE,885 WASHINGTON ST,BOSTON,MA,21111415,42.3479909,-71.064924,720,0,9999977991
a7b04041-d25f-36ef-a066-822de7e5cfbd,b6eeaaf7-1683-3bcb-b6ee-81ce304636ef,Ariane992 Pagac496,F,GENERAL PRACTICE,170 GOVERNORS AVE,MELROSE,MA,21763225,42.4564323,-71.064182,1482,0,9999989095
c13273b2-feab-3ec8-a9ee-73043b43749d,1c42af32-f17e-32ec-b007-4ff8e2de493e,Ivette731 Wunsch504,F,GENERAL PRACTICE,235 NORTH PEARL STREET,STOUGHTON,MA,20723396,42.1004556,-71.0668392,71,0,9999991091
17ee06f1-7ccd-3632-a79d-21591500efc6,ed5fc1f7-0ecb-3973-a5fc-89f80c6f5c9f,Theo630 Homenick806,M,GENERAL PRACTICE,303 C HAVERHILL STREET,ROWLEY,MA,19692101,42.704962,-70.90837,1035,0,9999969394
e294d257-7708-3341-9eec-4a244aec9d38,12dc66ee-e2c7-3d5a-892e-157ff1d47f32,Venice604 Rogahn59,F,GENERAL PRACTICE,242 GREEN ST,WINCHENDON,MA,14751820,42.68061,-72.060691,6,0,9999997593
04d74c93-9344-334f-bf5c-9e32aad77259,65eda534-1bdc-3192-8d02-1c3764447790,Shanell37 Hand679,F,GENERAL PRACTICE,1244 BOYLSTON ST,CHESTNUT HILL,MA,24672115,42.3214927,-71.1711481,9508,0,9999968297
0bf3f35e-4bb6-3a7c-8c00-0baafb2781f8,d613e441-68e8-3502-8adb-3f770a1276bf,Emmaline88 Witting912,F,GENERAL PRACTICE,114 WATER ST,MILFORD,MA,17573007,42.13661855,-71.53474614336832,31573,0,9999960096
d35b6307-1bb2-308f-b1fa-733986f924e7,de29a374-221b-3cb4-8051-a02c1a35e5b7,Gwyneth692 Marvin195,F,GENERAL PRACTICE,562 WASHINGTON ST,SOUTH ATTLEBORO,MA,27036942,41.91289205,-71.36135809627689,152,0,9999964791
b3df88eb-bce4-3c84-9b29-39e6d8b319a8,b03b624d-c939-3688-986d-9555b8009a3b,Bennett146 Hartmann983,M,GENERAL PRACTICE,230 MAPLE ST,HOLYOKE,MA,10405144,42.207406,-72.608419,20908,0,9999981894
9c162e68-0e13-3528-bdfa-644d10afe9b6,ff6d901b-6850-378b-87d0-97a8c499aa43,Kurt412 Ferry570,M,GENERAL PRACTICE,935 WASHINGTON ST,NORWOOD,MA,20623411,42.18396765,-71.2037844209652,869,0,9999954891
a12bbd5e-638b-3b72-986e-a940dc253379,ea153d0a-9ccc-3769-9a25-934b417071b7,Tashina114 Towne435,F,GENERAL PRACTICE,463 WORCESTER RD,FRAMINGHAM,MA,17015354,42.3095704,-71.4413097,5914,0,9999959395
ebbd5ba2-a7f6-37b5-b03d-fa909a27ae6c,d3085315-9893-34c7-8889-3a31dc17c2b0,Ethyl508 Rau926,F,GENERAL PRACTICE,1428 MAIN ST STE 7,WALPOLE,MA,20811729,42.1325911,-71.2618886,34429,0,9999948794
cf3056cc-15ec-34c0-a083-f3bf80b48c66,ace1ac31-036a-38fd-b451-b3b87157c717,Alejandra902 Thompson596,F,GENERAL PRACTICE,170 MORTON ST,BOSTON,MA,21303735,42.299067750000006,-71.10124351911541,4470,0,9999979096
9d103b04-35b9-34ec-9dd8-b106fe40174b,18061fd5-fda8-3e2d-87f0-0f3c87211bcc,Omer483 Koepp521,M,GENERAL PRACTICE,1493 CAMBRIDGE ST,SOMERVILLE,MA,21431408,42.3875968,-71.0994968,949,0,9999992792
a7cc5ced-c7b5-3bcc-91f7-1e449f3ee831,1faab3d1-2ae5-3110-8e5f-c65b92ca906d,Ernesto186 Méndez913,M,GENERAL PRACTICE,29 LEWIS AVE,GREAT BARRINGTON,MA,12301713,42.19093125,-73.3715000043024,7,0,9999986190
7e077f09-b2eb-38cc-82a7-dc6c98650e91,c64c848c-0315-3115-87fa-80c360bb6a73,Mitchel812 Zieme486,M,GENERAL PRACTICE,142 BERKELEY ST,BOSTON,MA,21164608,42.3489076,-71.0721378,5366,0,9999976191
dedb7069-648e-362b-9177-83994307ef73,2d368a24-7410-3be2-ab17-da96581aabad,Jesse626 Medhurst46,F,GENERAL PRACTICE,65 WALNUT ST.,WELLESLEY,MA,24812188,42.32473045,-71.25364984557581,714,0,9999964692
e2711d1a-b915-331e-8022-20d256160080,20e0567a-b9bf-3dd8-92b3-6a61b5628069,Heide509 Gusikowski974,F,GENERAL PRACTICE,800 WASHINGTON ST,BOSTON,MA,21111552,42.349439700000005,-71.06308467518953,455,0,9999957290
304bb1c9-a4a7-3a9c-bf59-88bcd7dbf8e7,7e97f720-f99d-3402-98a4-a144aaa5bd01,Damian46 Hansen121,M,GENERAL PRACTICE,210 JONES RD,FALMOUTH,MA,25402974,41.5614958,-70.6117407224321,1894,0,9999976092
cbe5a29b-1f7f-3ae9-afd0-ab42e37375b6,811cc811-0061-341c-a719-9ba7ef8dc699,Tandy422 Sporer811,F,GENERAL PRACTICE,245 VINEYARD HAVEN-EDGARTOWN ROAD,EDGARTOWN,MA,25396941,41.395500350000006,-70.5300948008162,18000,0,9999973495
e74a5788-04d5-3578-bcfe-6e374a9b0585,d17688c1-9cc8-3e68-980f-82fe1ed685fe,Adam631 Robel940,M,GENERAL PRACTICE,100 TEATICKET HWY,TEATICKET,MA,25365678,41.56361395,-70.59806084770075,324,0,9999951897
8bb7c8b1-cbc5-37ae-9dc9-09abbade62d7,084b19be-a78e-3626-b156-a50134fa7fe2,James276 Smitham825,M,GENERAL PRACTICE,10 RESEARCH PL STE 202,NORTH CHELMSFORD,MA,18632439,42.6389798,-71.3828403,851,0,9999943498
f6cc0965-87ef-3d88-85af-51fde1d66132,acffdfa8-1383-3929-8c99-e73969491439,Warren653 O'Keefe54,M,GENERAL PRACTICE,1153 CENTRE ST,BOSTON,MA,21303446,42.3017598,-71.12855793387442,361,0,9999992297
f7c6b3f8-4ba3-3963-bf2f-e9470c4c4a77,ca2937a1-8877-31a2-9d38-561bd300b3e3,Yuko264 Mueller846,F,GENERAL PRACTICE,780 ALBANY STREET,BOSTON,MA,21182755,42.33364525,-71.07279114401811,637,0,9999978890
b0647cbc-129b-33db-8f33-54ddad75c6fb,45ce6eff-535b-37e2-bed3-1946200aa03f,Mora209 Blanda868,F,GENERAL PRACTICE,309 BELMONT STREET,WORCESTER,MA,16041059,42.280233499999994,-71.7694812367883,55,0,9999989996
4da40014-e252-32b0-a584-99078dcaed06,1e11392b-1278-3e70-93cd-f396cbd0c265,Gino587 Block661,M,GENERAL PRACTICE,115 LINCOLN ST,NATICK,MA,17607700,42.2843753,-71.3441395,2097,0,9999996397
7e2a4560-fff9-3564-a224-41a2a6e87b96,6cf8a214-8d57-3267-85e5-7719e15cd63e,Cindie288 Zulauf375,F,GENERAL PRACTICE,170 MORTON STREET,JAMAICA PLAIN,MA,21303735,42.299067750000006,-71.10124351911541,1623,0,9999999995
2ea33fc1-7150-3870-8443-fd507f03225b,4bc0cc09-77e5-37f5-844d-64a6637cae54,Hugo693 Ávila241,M,GENERAL PRACTICE,91 EAST MOUNTAIN ROAD,WESTFIELD,MA,10851801,42.110743549999995,-72.70066160206358,27,0,9999999896
4989661d-1698-3275-918c-6ce3aabd9099,b4e81d20-a3d6-39db-8b04-bcc4ab5de7b2,Carri827 Flatley871,F,GENERAL PRACTICE,354 WAVERLY ST,FRAMINGHAM,MA,17027079,42.276938650000005,-71.41386787587439,3922,0,9999975490
2f05dffe-7639-31ca-b687-a3f56e9eaa29,0fedae9f-701f-3317-9b2f-69aea2202cdc,Sharron285 Batz141,F,GENERAL PRACTICE,88 EAST NEWTON STREET,WINTHROP,MA,21522715,42.3750976,-70.982827,3388,0,9999993998
15b7775d-3d46-3fd4-a98d-f2df4e47725a,9043e647-568d-3e87-9fc0-756a416392d3,Irene779 Negrón227,F,GENERAL PRACTICE,27 CENTENNIAL DR,PEABODY,MA,1960,42.52388415,-70.9519832,2915,0,9999967695
3e932e19-d0db-3928-acb2-922a9fb4bac0,4b7c1695-a178-3e03-8651-51acfd3b8372,Juan88 O'Keefe54,M,GENERAL PRACTICE,600 OLD SOMERSET AVE,NORTH DIGHTON,MA,27641824,41.86399,-71.1244904,1881,0,9999968594
4364dff0-8045-302c-956a-94ca293ed1b0,a3327df4-d092-350b-b551-e60c82076c9a,King743 Predovic534,M,GENERAL PRACTICE,46 NORTH MAIN ST,W BROOKFIELD,MA,15853232,42.23754835,-72.13791547215251,30,0,9999957894
dd3410fb-9378-3535-8149-3120e3bc1251,aade280a-3b90-3e48-9648-91109a964a63,Josef103 Klein929,M,GENERAL PRACTICE,909 SUMNER ST,DARTMOUTH,MA,27473826,41.6332267,-70.9879928,847,0,9999985390
834392b9-b8a3-390a-b9d2-71588dad190a,981338c4-287c-3621-bc45-8b0b9f1b8922,Esteban536 Caraballo427,M,GENERAL PRACTICE,640 BOLTON ST,MARLBOROUGH,MA,17523999,42.3658183,-71.55914630258509,57,0,9999955898
e9643241-9032-3877-b8fe-c181accbf9ff,e59fb2d5-508c-38c6-af2e-21d8216dd2b0,Cecilia788 Echevarría842,F,GENERAL PRACTICE,759 CHESTNUT ST,WARE,MA,10821625,42.256476,-72.237482,89,0,9999998195
e57adadc-5508-3a2b-87bc-c365b03a2d6a,1e8b3677-a601-3afa-8a48-a978d873c271,Clementine778 Jakubowski832,F,GENERAL PRACTICE,444 HARRISON AVE,BOSTON,MA,21182404,42.3432437,-71.0644988,1127,0,9999980490
870b448e-362a-3990-b091-7e22a7860de2,84de2bcf-1b1a-3ce2-9f6d-9e0cb34991f6,Margery365 Rippin620,F,GENERAL PRACTICE,45 DAN RD,WELLESLEY,MA,24813503,42.2964859,-71.2925571,3090,0,9999945493
aff73f32-b26c-3afe-8120-3aab64e40560,ecadbc11-930c-3903-b706-f8ef4bc9089e,Marco Antonio298 Terrazas956,M,GENERAL PRACTICE,780 CHESTNUT ST,SPRINGFIELD,MA,11031109,42.1211633,-72.60614164702717,7808,0,9999971291
3199b0dd-742c-367f-bff8-0ba720df97d0,0f9d1260-db33-3483-b2b6-5483cfcb739c,Felipe97 Lebsack687,M,GENERAL PRACTICE,361 WOODWARD ST,WABAN,MA,24682027,42.326011949999994,-71.2254251580706,4911,0,9999958793
1d528d57-c65d-34b1-8b95-f7d03e899ef9,980d9bfa-a344-3bff-8c02-232dd0e8fd34,Waylon572 Lakin515,M,GENERAL PRACTICE,100 TRADE CENTER SUITE G-700,WOBURN,MA,18011851,42.4792618,-71.1522766,9367,0,9999943597
f410b440-6403-3483-9ce1-426f35f95a5f,f480acd0-7ef1-350d-aae6-d8e7d53ace57,Gil594 Ondricka197,M,GENERAL PRACTICE,1193 SEA ST,QUINCY,MA,21693544,42.26883395,-70.95264075087945,17793,0,9999980698
9df6cb8e-adc1-3ead-b8f0-e520915183d4,440fa4b8-c731-3cf5-81d9-aa3f30a37b95,Joanna347 Abbott774,F,GENERAL PRACTICE,41 & 45 MALL ROAD,PEABODY,MA,19602901,42.5278731,-70.9286609,389,0,9999996793
250cf246-4fb0-39e6-be9f-e77b3d9af086,0fab3c4e-a028-39a6-b15a-be5a88b6aa2a,Miyoko154 Paucek755,F,GENERAL PRACTICE,222 STATE STREET,LUDLOW,MA,10563437,42.15547415,-72.47222226666076,1542,0,9999996892
07d4b56d-94e0-3b2b-a604-1e6c87ebe0e8,3b021cb6-4745-3d9d-8436-230055f770bd,Dusty207 Franecki195,M,GENERAL PRACTICE,148 CHESTNUT ST,NEEDHAM,MA,24943238,42.27728075,-71.23665362814043,690,0,9999999193
aec3f814-b9fe-36d9-9742-f4c694ae24c1,7b95b4ab-5bb6-3abc-b0e5-02689f84228d,Audra143 Beatty507,F,GENERAL PRACTICE,20 POND MEADOW DR,READING,MA,18673261,42.5166455,-71.09917578750729,1912,0,9999959692
aecb3e41-df63-3130-a19f-d20ab7e581a9,86880e58-8753-3c63-b057-33781df70528,Glenn0 Keeling57,F,GENERAL PRACTICE,49 SAMOSET AVE,HULL,MA,20452512,42.2810432,-70.8703157542509,550,0,9999940791
71430a8a-f032-3800-929d-ca045f70f046,36705572-6b8a-337d-9d01-be1087ce4650,Lindy582 Corwin846,F,GENERAL PRACTICE,233 WINTHROP ST,TAUNTON,MA,27804428,41.89112605,-71.11254102062864,1045,0,9999965996
5be5c020-1658-3dae-9352-447c6376d626,34f0b10a-5e29-31de-a75e-e0bb03c0c0d4,Hernán834 Rosado690,M,GENERAL PRACTICE,56 COLPITTS RD,WESTON,MA,24931568,42.36610065,-71.3036759,47018,0,9999959197
d7e24959-9a0d-3aeb-8eee-930af453349b,e9a24be5-b0a3-3fd2-a606-dd13498024ea,Darwin703 O'Hara248,M,GENERAL PRACTICE,85 E MAIN ST STE A,NORTON,MA,27662307,41.971697,-71.17689334021827,10808,0,9999944892
2f73d2f6-1107-35ed-9e3d-d29ecca4c585,545ea18f-060c-389b-98f8-b6943979c207,Olen518 Farrell962,M,GENERAL PRACTICE,6 ESSEX CENTER DR STE 201,PEABODY,MA,19602906,42.539944,-70.950156,745,0,9999946095
0f42c3ab-f1f2-37be-a04a-23b88d89f23f,57e4e5fa-d68d-3caa-a5ad-37beb1b51207,María José279 Delgado712,F,GENERAL PRACTICE,800 WASHINGTON ST,NORWOOD,MA,20623487,42.1886973,-71.2005241,1117,0,9999985499
4b25979d-c89d-3ccd-84d4-2ad4be4724b9,c92cc255-6778-3307-8092-987d667be4ce,Codi873 Bogisich202,F,GENERAL PRACTICE,89 FOSTER ST,PEABODY,MA,19608925,42.5278731,-70.9286609,4232,0,9999974691
02fda476-d802-34c5-acd0-66226ff16602,00ffb204-07b4-3c72-a678-fa252e6cf86c,Kathlene786 Satterfield305,F,GENERAL PRACTICE,450 BEDFORD ST,LEXINGTON,MA,2420,42.47370735,-71.25090005,8220,0,9999963298
e5b3dc89-2a37-39ed-8b64-aeb4bf17897a,ad82d624-72eb-3c7d-a76d-79f2668d1390,Georgianne697 Howe413,F,GENERAL PRACTICE,3 WOODLAND RD,STONEHAM,MA,21801711,42.4524431,-71.08939988105112,20534,0,9999956292
01b1eb2a-5675-32e9-8c27-a3a0c6fa7537,70a26106-6797-39f8-83e6-6bcf212b99ad,Christopher407 Mohr916,F,GENERAL PRACTICE,340 MAIN ST,WORCESTER,MA,16081601,42.53616075,-71.74831883675786,1743,0,9999963694
99026ace-7be3-3f5f-a991-2dc328c65e11,b8421363-9807-3b16-a146-95336eea5cfb,Saundra460 Kuphal363,F,GENERAL PRACTICE,30 LOCUST ST,NORTHAMPTON,MA,10602052,42.33032115,-72.65330802608176,6575,0,9999988493
a0a66f1d-043e-3c0f-a550-e3a464449c49,24460683-f514-37ef-98c1-724b2fc9aa2a,Dale454 Wilderman619,M,GENERAL PRACTICE,60 HODGES AVE,TAUNTON,MA,27803034,41.91158935,-71.10129620180315,21,0,9999986992
c59ba265-f32d-3475-9068-505101764d92,f964d209-adbb-3f11-80ce-5687e587363a,Kaycee352 Roberts511,F,GENERAL PRACTICE,155 MAPLE ST,SPRINGFIELD,MA,11051828,42.1004364,-72.57897095,1028,0,9999953398
2df70f34-4e98-38f4-a999-80713dfbbedf,e854f053-5621-31fa-afa1-29040b0d7466,María Elena653 Terán294,F,GENERAL PRACTICE,1575 BLUE HILL AVE,BOSTON,MA,21262122,42.2698727,-71.0940406,3410,0,9999945394
7a23b17b-4eff-31e8-bb1a-6ec7eb531474,752c7570-1637-36cf-8b74-03ea3acfa98c,Victoria535 Rico947,F,GENERAL PRACTICE,12 LITTLEVILLE RD,HUNTINGTON,MA,10509761,42.257603957277915,-72.87133712317558,152,0,9999973594
560e48c8-d3d9-3a51-8a62-7ca1b50eea93,1563fcb4-76a9-3ea4-863d-e276f38b9b3e,Elma843 McCullough561,F,GENERAL PRACTICE,700 ESSEX STREET,LAWRENCE,MA,18414396,42.7020708,-71.17231,3272,0,9999976795
99af8c0c-0611-3e7e-8abd-0cbc9698ae33,b8e724d5-b999-3029-8a2d-ad30fbd0b9ce,Whitney250 Rolfson709,M,GENERAL PRACTICE,63 MAIN ST,BROCKTON,MA,23014042,42.084598840000005,-71.01995972,4969,0,9999979591
eba8540f-67b8-3abe-a91e-b4dc6567f078,901c2d40-1ca3-3879-9a20-c663b8adc0a9,Chanelle850 Schuster709,F,GENERAL PRACTICE,800 WASHINGTON STREET,STONEHAM,MA,21802445,42.4863168,-71.0928919,4661,0,9999998898
5b02c667-3955-3859-a38f-4e87f5225b9a,6170552c-4d27-3e64-8068-64a380f1837d,Leo278 Pacocha935,M,GENERAL PRACTICE,76 SUMMER ST,HAVERHILL,MA,18305814,42.7786873,-71.07306505177553,129,0,9999988097
71a75874-be29-3126-867b-5c41a2dc4c65,e6cc6043-299a-3581-8f6b-b3b5d62c46ae,Fritz267 Farrell962,M,GENERAL PRACTICE,532 SUMNER AVE,SPRINGFIELD,MA,11082458,42.08631583333334,-72.55792579166666,20926,0,9999979799
29f2bd95-074b-3c92-8511-5460dab6cc52,b9e35b8a-9831-32d8-a6dc-d7a546c126b0,Venus149 Blick895,F,GENERAL PRACTICE,111 HUNTOON MEMORIAL HIGHWAY  1ST FLOOR,SPRINGFIELD,MA,11092550,42.1018764,-72.5886727,1130,0,9999999599
0e4fa6e5-599c-37d5-9aa6-ec5e15714982,7a75decf-7d3f-3b0d-8c2b-3abf0a8c7f58,Olin642 Kulas532,M,GENERAL PRACTICE,169 LIBERTY ST,MIDDLETON,MA,19491003,42.61522605,-71.0144865346162,7418,0,9999944595
0202b5e1-e8d4-3c9a-9630-f8dd8cdb5bcc,18df2721-3f76-3f83-94d5-63597cedd298,Kylee806 Romaguera67,F,GENERAL PRACTICE,909 SUMNER ST,STOUGHTON,MA,20723396,42.1005097,-71.0830269025407,824,0,9999989194
5bdd30cd-e86c-3b31-b1dd-afd9b67a97b3,b1965e0b-9ef4-3e96-bad6-cb88ea7e7324,Jerrell6 Breitenberg711,M,GENERAL PRACTICE,1 HOSPITAL RD,OAK BLUFFS,MA,25571406,41.46063105,-70.57989080295974,4550,0,9999971994
ca22131f-b3f3-3d52-b144-efc054ce2714,38508743-50d1-3429-8fe2-37e42ddaf20e,Blanca837 Verdugo724,F,GENERAL PRACTICE,164 HIGH ST,GREENFIELD,MA,13012778,42.595268700000005,-72.59288632376354,3476,0,9999997999
6cc5e632-bce4-3d1a-91f1-554415bc7109,2f735290-1603-31b5-b561-7c8e0d413170,Amado512 Adams676,M,GENERAL PRACTICE,100 FOXBOROUGH BLVD STE 230,FOXBOROUGH,MA,20352878,42.041851949999995,-71.23486657070565,511,0,9999941997
3c590a6b-eeab-328f-a87b-c8e2bad51868,6b2e5b97-70f6-3219-8c99-86de138e6808,Tomeka87 Rutherford999,F,GENERAL PRACTICE,123 SUMMER ST,WORCESTER,MA,1608,42.26496835,-71.79655403681465,2494,0,9999962290
a9445d42-d96c-32d3-8b8a-42566dea231f,328f813e-4de8-3ec2-a113-43f3ddfb0b2a,Eldridge510 Roob72,M,GENERAL PRACTICE,30-40 WESTPARK STREET,BROCKTON,MA,23015241,42.0834335,-71.0183787,19238,0,9999942797
c4e9b3fc-d429-333f-ba25-c7b64f82cd1d,dd3307db-114c-3f11-be44-a9eef6bb3fc5,Francis500 Ratke343,M,GENERAL PRACTICE,269 UNION STREET,LYNN,MA,19011201,42.4652772,-70.94362420273097,17616,0,9999977793
36372d24-3f31-3506-a935-77ebe340963f,1d87bbfa-19aa-3128-adca-420ff8d5a12a,Junior695 Pacocha935,M,GENERAL PRACTICE,771 CHURCH ST,NORTH ADAMS,MA,12474109,42.680927100000005,-73.09950699822534,8756,0,9999965798
8cead58e-df82-3ac5-94d2-b76d3cc0858a,f2068cee-c75c-321d-9b2c-c33535db89c9,Octavio643 Prosacco716,M,GENERAL PRACTICE,32 BOSSI AVE,RANDOLPH,MA,23682002,42.20017865,-71.0582074,20734,0,9999946293
b61c30c7-6e20-30db-a1bd-4f47d99961f0,ab7d1a51-1c58-37f8-94fc-e5d55eae38c1,Alfreda3 Walsh511,F,GENERAL PRACTICE,101 AMESBURY ST,LAWRENCE,MA,18401311,42.70904,-71.16393,1033,0,9999964999
b32d25a5-833f-34c8-b21b-b641fd9a76cd,357e489c-304e-3495-8354-62e85b5896b5,Kelvin159 Schoen8,M,GENERAL PRACTICE,75 HERRICK ST,BEVERLY,MA,19155900,42.56305785,-70.87604053437136,734,0,9999953992
29d5e044-5e94-3cdb-9b55-259057d6140e,15d4c950-4691-3996-b4c4-bf06bfb58ff7,Alvin56 Crona259,M,GENERAL PRACTICE,70 EAST ST,METHUEN,MA,18445883,42.7285558,-71.16833738237946,2586,0,9999990697
d6545a24-2bc6-330a-9ea9-d7be654029c8,655f2a4f-419c-39d3-8ed6-6c4117eb7e32,Aurore252 Herzog843,F,GENERAL PRACTICE,21 MAIN ST,NORTH READING,MA,18641326,42.56697195,-71.10799861135133,8664,0,9999956995
c4a03136-fc82-3922-a040-b2a822296796,5018c664-e283-30eb-932a-529d9a19b3b5,Numbers230 Stehr398,M,GENERAL PRACTICE,300 SOUTH ST,WOBURN,MA,18014979,42.473347,-71.144086,723,0,9999995399
689e568d-6e51-36d8-9b28-cd943c03f099,2e8b42f8-4300-30a9-a576-d513d1021a0a,Beverlee316 Haag279,F,GENERAL PRACTICE,600 CLARK RD,TEWKSBURY,MA,18761699,42.63120935,-71.27023603178071,29028,0,9999959890
19d3d0e6-cd23-36b0-a56c-e4c2e4ba0a45,0caa0116-ef9a-3d4c-bcff-9c405a9d2bda,Yasmin241 Emard19,F,GENERAL PRACTICE,105 CHESTNUT ST STE 35,PLYMOUTH,MA,23604054,41.884685,-70.847219,21082,0,9999947192
9cc55b4a-43cb-3033-a718-485428f6dee1,4ff8b164-4cf5-3ab4-b0f2-7ce8fda920e5,Theo630 Mante251,M,GENERAL PRACTICE,800 WASHINGTON ST,WORCESTER,MA,16550002,42.180483,-71.867782,1472,0,9999947390
e1dcf7d8-2a09-3ceb-9cbf-2fa33372ff87,39c15c0f-5c49-311e-99d2-1fb99d80e06e,Salvador46 Homenick806,M,GENERAL PRACTICE,398 NEPONSET AVE,DORCHESTER,MA,21223134,42.2867644,-71.04402811508834,12491,0,9999977496
f88a67de-88ce-3b77-a533-c931d620ed8c,e39e92a8-2fde-314a-8fb1-8551218f03d9,Oliva247 Runolfsdottir785,F,GENERAL PRACTICE,60 EAST ST,METHUEN,MA,18444547,42.7265686,-71.16640139527428,2049,0,9999964296
e3940cca-afac-3faf-9f5b-36bfa0177197,07baae96-3d74-3c69-a845-dad7b792eb52,Sheryl275 Brekke496,F,GENERAL PRACTICE,42 ASBURY ST,SOUTH HAMILTON,MA,19821808,42.61322825,-70.87300675048934,1012,0,9999962092
b8f064f8-6862-3768-87fe-3ac15ff61f3a,63cb4d95-04a9-3a35-b5d9-f89e0377a48d,Chu728 Weber641,F,GENERAL PRACTICE,211 PARK ST,ATTLEBORO,MA,27033143,41.9419187,-71.2752081695297,60,0,9999996090
e6bf7e83-8b67-38b6-9ffa-834d259ad33f,13f83225-b984-345a-a353-11237d5aadfb,Ana Luisa894 Ortega866,F,GENERAL PRACTICE,450 W RIVER ST,ORANGE,MA,13641408,42.5928702,-72.32953998953418,7175,0,9999959791
6b7dc53f-1620-3bfb-ab81-648e0bc56e4a,6e290541-eba3-37fc-a3e2-e58f77e84c7e,Christeen33 Toy286,F,GENERAL PRACTICE,15 LENOX ST.,SPRINGFIELD,MA,11083122,42.085779,-72.55846414285715,10737,0,9999968990
b4b6867a-868e-337b-9daa-56de9b4ff2d0,a0e043cc-dd00-3d67-938c-524d3690f90a,Birdie301 Hills818,F,GENERAL PRACTICE,61 LINCOLN ST,FRAMINGHAM,MA,17028264,42.2834291,-71.4175609,264,0,9999963793
fc6f10ac-e617-3993-8cc2-33fab4d20c47,4e880cb9-1ca0-3582-b8cf-8a59b0d2b878,Haywood675 Bednar518,M,GENERAL PRACTICE,51 S CHURCH ST,PITTSFIELD,MA,12016178,42.44648205,-73.25863241543368,60,0,9999960690
2ca961af-ae16-3494-a7a4-a3a647105d83,a2a41caf-758f-3962-8e5f-e6e603f93d17,Noelle559 Padberg411,F,GENERAL PRACTICE,111 HUNTOON MEMORIAL HWY,ROCHDALE,MA,15421305,42.2020225,-71.89891616754682,158,0,9999989590
2a030239-a8c3-386f-9289-9417ca76be80,ca62a361-9c79-32d1-92cc-ffc0d5d19679,Sallie654 Barrows492,F,GENERAL PRACTICE,19 HENRY ST,SHARON,MA,20671714,42.1091473,-71.20768205338297,4506,0,9999958199
7f06b850-9b32-345b-8e2e-6cffc9e1cbf7,0d24cc89-3256-330c-b36d-d8de8babef84,Will178 Bernhard322,M,GENERAL PRACTICE,1030 FALMOUTH RD,SOUTH YARMOUTH,MA,26641218,41.6667779,-70.1847414,197,0,9999945790
e19d4718-c704-3e6c-a84f-ff2f1c42f3b6,8ae6a210-708f-3b23-b7d3-ac7948abd2b0,Alden634 Dare640,M,GENERAL PRACTICE,631 LINCOLN ST,WORCESTER,MA,16052010,42.2975664,-71.76536802164628,1006,0,9999973792
9aa9b973-6641-3c57-b04a-082ab909f025,19a65317-5d32-355e-8f82-88933d48366d,Carl856 King743,F,GENERAL PRACTICE,5 PRECINCT ST,LAKEVILLE,MA,23471468,41.8455651,-70.95195924208448,2345,0,9999958694
fe695239-9cd8-313a-94e0-f961853235c0,ee6705d5-db4a-3120-bbe1-1e72972a841f,Regena252 Huel628,F,GENERAL PRACTICE,101 JACKSON ST,LOWELL,MA,18522103,42.64221447368421,-71.31029421052632,2780,0,9999981597
77721554-6cca-3c36-8694-abf9dd7d0700,a6fb79e7-4abb-3a68-b62d-e501427fdca4,Ricky354 Renner328,M,GENERAL PRACTICE,489 WASHINGTON ST STE 202,AUBURN,MA,15015709,42.187836,-71.83104,23920,0,9999944496
d4000221-8880-3154-b3de-76448e84b698,fcad54de-c1cb-3039-8e22-1d2d28134044,Ardella559 Lesch175,F,GENERAL PRACTICE,70 EAST ST,METHUEN,MA,18444597,42.7285558,-71.16833738237946,635,0,9999948190
d58cda33-bc53-3379-bf97-70ec412b9f35,9d0e702d-50a0-3f4c-9126-0951d560fd4b,Otha286 Roberts511,M,GENERAL PRACTICE,189 MAY ST,WORCESTER,MA,16024339,42.25986305,-71.83597786023279,513,0,9999999292
4feac1d9-ef60-3ed0-bb1d-0eae76fda6f4,2a728c11-686c-3569-9ab9-d537dcf71e34,Javier97 Lind531,M,GENERAL PRACTICE,488 PLEASANT ST,WORCESTER,MA,16031524,42.263174750000005,-71.81851205000001,172,0,9999961896
c85fe0f0-e9f6-35fd-bbd7-576db7a1819e,c656d426-a307-372e-85f4-add29b4f178b,Quincy153 Larkin917,M,GENERAL PRACTICE,174 ARMISTICE BLVD STE A,FALL RIVER,MA,27212367,41.7010642,-71.1546367,835,0,9999941393
96416149-1cd4-3daa-88bd-9066c6f520d3,2fa36ef4-0a5b-358e-b76f-f4ada6c48e8b,Donn979 Lindgren255,M,GENERAL PRACTICE,90 ROUTE 6A,SANDWICH,MA,25635301,41.76404705,-70.50066669296109,59,0,9999972893
db05a26b-b7d7-3b32-aa92-7f02dab7ec93,ea8d287f-b3a9-3800-8798-788e334ee406,Palmer257 Kuphal363,M,GENERAL PRACTICE,81 HIGHLAND AVE,SWAMPSCOTT,MA,19072928,42.4699241,-70.9171507,6030,0,9999998393
b34bbb7d-de20-3c90-ba82-994eb5fcc7b7,c7542447-e06e-32cb-b6db-243c23a0dbc2,Chantell995 Krajcik437,F,GENERAL PRACTICE,30 WARREN ST,BOSTON,MA,21353602,42.3501483,-71.14393324457691,1847,0,9999991695
84e7b38c-6968-32bb-9e8b-bc33f09ad9e6,d9fe2c9c-135e-3da3-8de8-1a0ff165d886,Eldridge510 Marquardt819,M,GENERAL PRACTICE,1430 MAIN ST,WORCESTER,MA,16091121,42.2492003,-71.92931780325071,1719,0,9999967992
00f9d2bb-aa6a-3fd8-aeb8-9cc6dbbcb6d5,50c47685-8125-3c50-8311-8bd7ba9e9108,Kirby843 McKenzie376,M,GENERAL PRACTICE,4199 WASHINGTON ST,ROSLINDALE,MA,21311733,42.2871447,-71.1277526,12886,0,9999965194
9df9d2df-b1c7-3a3a-a215-7640dea56e1a,87f3b181-1c52-3161-a15a-ea2d9a04b35f,Frederick289 Gerhold939,M,GENERAL PRACTICE,565 TURNPIKE ST STE 71,NORTH ANDOVER,MA,18455936,42.664934200000005,-71.11635234067887,3020,0,9999941195
1ebd4a9a-00fd-3e14-9e86-67984a0cbc57,43e22208-dae0-3196-b30b-17b3c50679c2,Diego848 O'Kon634,M,GENERAL PRACTICE,147 PELHAM ST,METHUEN,MA,18442060,42.7288158,-71.20222773774655,8105,0,9999974899
4157bb08-82d9-3425-812a-f44f8a4013c7,46375470-1e20-3ddc-8dc5-010ba53826b6,Clara183 Reynolds644,F,GENERAL PRACTICE,40 WRIGHT ST,PALMER,MA,10691138,42.16934095,-72.34120457065711,8,0,9999991893
9acb615d-d566-3a81-8871-80ddabca5924,9d2a1656-0f4d-30d1-bc63-eb365a05529c,Maynard46 Ward668,M,GENERAL PRACTICE,235 N PEARL ST,BROCKTON,MA,23011794,42.09805395,-71.0609587194362,232,0,9999985598
ab728cba-8f0c-35cf-9658-6bee38da8486,a4b91172-69e7-3895-bd89-b9a0868de5c2,Salvador46 Wolff180,M,GENERAL PRACTICE,651 ORCHARD ST,NEW BEDFORD,MA,27441052,41.6149879,-70.93113851963673,4288,0,9999961094
7711c370-440e-3f30-9eea-51a085db1aa0,72f50aa0-d8c9-34dc-ac58-c428323f3bcd,Ricky354 Little434,M,GENERAL PRACTICE,55 FRUIT ST,BOSTON,MA,21142696,42.36286045,-71.06875296664998,12599,0,9999979294
b46a214e-6a80-38db-9cbb-164c740ce893,9203d0d2-ca7d-3421-9361-974402ffb561,Shelby741 Shields502,M,GENERAL PRACTICE,58 OLD NORTH RD,WORTHINGTON,MA,10989708,42.414246,-72.93841842197347,349,0,9999977694
6daf8f63-4c3e-397c-854a-f55c0d38f061,1cd20733-c6b9-31f9-b7c7-0c9357fcb560,Danilo179 Kassulke119,M,GENERAL PRACTICE,40 WALNUT ST,WELLESLEY,MA,24812102,42.32553365,-71.25238403429299,1009,0,9999966598
bf7c411f-3135-31bf-8b0d-fb9ee1a3a35f,3fea2678-1991-3390-b5f1-ebe38f28888b,Odell776 Buckridge80,M,GENERAL PRACTICE,135 WEBSTER ST,WEYMOUTH,MA,21901613,42.2212188,-70.9391625,2275,0,9999963090
5e059f77-f8e7-3d80-82f3-9b7c6872828e,ca8a919a-05f9-3687-bfb6-42800a70031e,Josue598 Flatley871,M,GENERAL PRACTICE,6111 OAK TREE BLVD STE 301,FRAMINGHAM,MA,17014613,42.3095704,-71.4413097,6676,0,9999951798
025ea20c-3b21-3b0f-9651-e3898c81584a,eee00932-ca82-36bc-b7e8-e3fff6dbaeaa,Leif534 Hane680,M,GENERAL PRACTICE,450 BROOKLINE AVE,WEYMOUTH,MA,21893141,42.2212188,-70.9391625,2496,0,9999998799
a94fac42-a0ce-37bb-86db-e7e60fbad2de,a194e94a-dd16-347e-95ea-8d00052c14d1,Octavio643 Gusikowski974,M,GENERAL PRACTICE,833 MAIN ST,S YARMOUTH,MA,26645254,41.65171785,-70.21464095380932,45,0,9999971499
94183d38-667c-3046-93d8-21c3e0ec163f,6f90eaad-abe3-3ce0-b9a6-2031c5674f0d,Claribel706 Wuckert783,F,GENERAL PRACTICE,800 TURNPIKE ST STE 300,NORTH ANDOVER,MA,18456156,42.66074825,-71.10724143845708,9389,0,9999943696
15c51327-5d1f-3f01-9f7c-ee30164bfa4e,c0719377-d40a-3e9c-9f7c-af47c93b3f40,Freeman822 Sawayn19,M,GENERAL PRACTICE,80 SUMMER ST STE 1,BOSTON,MA,21101218,42.35403315,-71.05809515865283,2070,0,9999940999
40443a02-def0-36dd-8f37-b3a51b120033,1f9d5a6b-d2ea-3000-bb9d-b22c00ffbbb2,Jarrod316 Weber641,M,GENERAL PRACTICE,2033 MAIN ST,ATHOL,MA,13313535,42.58522105,-72.20868129339888,45,0,9999972398
fcf34544-f13f-36e8-8c49-eadb8d2b0c0e,f087b01f-da5c-3db6-bb6d-8a3cf3e630c5,Maurice742 Littel644,M,GENERAL PRACTICE,255 PARK AVE,WORCESTER,MA,16091989,42.26491135,-71.8185187,1522,0,9999969691
c8e75301-5392-360a-8b82-7234a668f9b4,5573074b-edf7-31cd-a5f4-6e118c6f602d,Emmanuel930 Kshlerin58,M,GENERAL PRACTICE,825 WASHINGTON ST,NORWOOD,MA,20623449,42.18864775,-71.20380467780485,1086,0,9999969097
7f61c19c-f32e-3160-9e9f-9d0d45c7fbf5,6873525f-1680-3ceb-b536-270d44b46e2e,Lai148 Nicolas769,F,GENERAL PRACTICE,500 COLUMBIA RD,DORCHESTER,MA,21252322,42.3147979,-71.067633,10549,0,9999978197
6a7f5ac3-d616-31c6-b2fc-f251339450af,9fbf3c5e-5f22-3b9f-9032-39d6de320874,Delois358 Langosh790,F,GENERAL PRACTICE,150 FLANDERS RD,WESTBOROUGH,MA,15811017,42.2770724,-71.5679154706427,10,0,9999987792
28919ab0-384f-324c-8b13-cba0600740a9,da35b999-0af8-380e-9912-cd8b3bc09f53,Charleen536 Hirthe744,F,GENERAL PRACTICE,50 REDFIELD ST,WORCESTER,MA,16081531,42.2625621,-71.8018877,654,0,9999947499
833c2d0b-acf0-33ca-9218-bee6ffe7bf4a,f8918a95-31e8-3ac4-8d12-29ca6080ebda,Rudolf736 Vandervort697,M,GENERAL PRACTICE,199 REEDSDALE RD,MILTON,MA,21863926,42.2513683,-71.0768393856917,3050,0,9999997890
6bc4a8b2-9076-3124-aad5-f00f0f239fc9,bce5b907-584b-345d-bbcf-912cf56cb6c3,Arturo47 Maldonado119,M,GENERAL PRACTICE,11-15 SANDERSDALE ROAD,WORCESTER,MA,16032467,42.0667952,-72.0084995,86,0,9999949495
7a686452-099c-343b-bb7e-f98cf4160f53,8d5880eb-1dd8-31ea-b7c5-21709f3bb341,Jared66 Satterfield305,M,GENERAL PRACTICE,50 ROWE ST,MELROSE,MA,21763201,42.4592093,-71.06078096379728,18843,0,9999958991
56877967-1a5c-314d-a4ba-4944cbcc5135,0ec04450-c150-322d-b2c3-1449d672a23c,Yolando662 Huels583,F,GENERAL PRACTICE,110 W SQUANTUM ST,NORTH QUINCY,MA,21712122,42.27259075,-71.03082765,6168,0,9999981092
7e399005-3473-3eec-a3e0-b9712029b6c9,fd650ebc-a642-3818-b073-692473cd31f1,Larisa542 Kris249,F,GENERAL PRACTICE,900 CUMMING CENTER,BEVERLY,MA,19156181,42.5584284,-70.8800491,3388,0,9999959494
30b21159-118f-3c35-9488-e6f7b525207f,3ff0f58b-7a1f-3334-9449-ff15f68b7d86,Claudia969 Tirado305,F,GENERAL PRACTICE,275 SANDWICH ST,PLYMOUTH,MA,23607761,41.94186605,-70.6455366462985,3019,0,9999998997
6f0565ca-382c-3b6d-a108-37a9fb0b3796,4e0ec952-dd08-359e-87af-b13809b955ac,Bryon392 Mills423,M,GENERAL PRACTICE,37 DERBY ST,QUINCY,MA,21697564,42.2509914,-71.0037374,3995,0,9999949891
09a74edb-d70f-3ada-8e09-9c4d5a000b29,9cfdd210-a2ed-34d6-9381-2f5d999011ca,Edith654 Beier427,F,GENERAL PRACTICE,21 HIGHLAND AVE,NEWBURYPORT,MA,19503873,42.814341671166744,-70.88998002772408,1578,0,9999967091
649a1a3e-fb52-3d61-b64e-b95cd251f0d4,75846b1f-d0ec-3255-9bdd-d09eb0a9dd0d,Paul232 Bartell116,M,GENERAL PRACTICE,575 BEECH ST,HOLYOKE,MA,10402296,42.20105435,-72.628169560868,1410,0,9999962498
0f38c8e0-9c3f-3483-92ff-1530f5b65ce1,dd280187-8662-3732-af81-595d10572911,Clifton91 Lakin515,M,GENERAL PRACTICE,4499 ACUSHNET AVE,NEW BEDFORD,MA,27454707,41.74026055,-70.9450945705336,1627,0,9999986794
da039b02-dd2d-3aee-9bf4-b7011614defb,a6964d47-8af0-3df2-b99d-d8414eb1cfa3,Reggie481 Schiller186,M,GENERAL PRACTICE,200 MAY ST,SOUTH ATTLEBORO,MA,27035520,41.924394750000005,-71.36076410900014,1026,0,9999991596
7d566822-26c5-38dc-b6dc-dfca7b42eafc,dae3ee01-f383-366e-9ad6-dc92963064ea,Orville751 Will178,M,GENERAL PRACTICE,1233 MAIN ST,HOLYOKE,MA,10405381,42.16578055,-72.63389634691956,337,0,9999993394
8ccb6c88-c98b-3bc3-9069-9d93a2b455a7,371948e4-733a-33b6-a835-68abefdeb59f,Zachary28 Gleichner915,M,GENERAL PRACTICE,197 ADAMS RD,WILLIAMSTOWN,MA,12672930,42.7041261,-73.19043030392987,1188,0,9999972299
b9e5d700-a744-32fe-a9d8-dc5dfdcd60a2,744bdf85-6223-367c-b1ab-e8c8e0a5eb28,Waylon572 Hammes673,M,GENERAL PRACTICE,2 REEDSDALE RD,MILTON,MA,21863800,42.258080449999994,-71.08070895097364,5582,0,9999965590
5b71f67e-c272-367b-8866-68111423e121,b7b02632-03e1-330a-aa40-fdee22899633,Débora815 Alvarez441,F,GENERAL PRACTICE,840 HARRISON AVE,ROXBURY,MA,21203432,42.3279605,-71.0830607,2364,0,9999969196
f5a7726f-4b14-3813-acbb-d6332ca19cb0,bb09ee7d-f4e1-3b26-8739-a14467b47764,Iraida50 Lehner980,F,GENERAL PRACTICE,87 NORTH MAIN ST,LEOMINSTER,MA,14535507,42.53527525,-71.75633303305392,68,0,9999964098
f5c26304-2938-35e0-81c6-00f058d195de,089bceb2-0ecb-3650-95e9-e7260248b809,Estella474 Reynolds644,F,GENERAL PRACTICE,50 W MAIN ST,HOPKINTON,MA,17481672,42.22029125,-71.53814854921914,4062,0,9999945998
37bfb4f3-afe4-3c35-ab08-e90396c6787f,f82ff162-c689-3682-876c-220cf96eb97b,Billy698 Schoen8,M,GENERAL PRACTICE,74 MAIN ST,FRAMINGHAM,MA,17022952,42.2976266,-71.42605348361442,4966,0,9999961490
bb7dc2cf-63cd-3b25-a900-37879ccda6f8,9d989fcf-4ad9-3972-ada3-f275d967781e,Cristi782 Miller503,F,GENERAL PRACTICE,100 TER HEUN DR,SANDWICH,MA,25632377,41.7579043,-70.4968152,32,0,9999996199
02e82c1e-1a73-3783-b8e6-ecdbd5d6e4b2,92d919ab-8380-3fda-a5f1-838e69b819c1,Velda682 Gutmann970,F,GENERAL PRACTICE,300 TRADECENTER STE 4750,WOBURN,MA,18017420,42.4994143,-71.161659,4237,0,9999955591
181f4239-2c9f-3092-9dc4-17389e2d3daf,af3871c3-2098-3051-bcb7-8a919e194a16,Sherwood961 O'Conner199,M,GENERAL PRACTICE,97 LIBBEY PKWY,WEYMOUTH,MA,21893110,42.19322885,-70.94589987654936,25902,0,9999967596
49ca0444-fe76-3061-99a6-05cb262c0fe7,542185c1-943a-30f4-aba0-0efaa92488a4,Wilbur107 Rau926,M,GENERAL PRACTICE,142 LAKE ST,ARLINGTON,MA,24764738,42.40328885,-71.15140830652837,8490,0,9999955096
c2aa20e6-37a0-3f55-8729-637559fb9e07,0319f6d9-60a3-36ac-9f26-b782d7997b1c,Maybell872 Quitzon246,F,GENERAL PRACTICE,22 MILL ST,ARLINGTON,MA,24764738,42.4177455,-71.1579688,2013,0,9999971390
f64dcc1d-7992-3dbb-832d-548f1eb38fc0,a2cc09de-c1e2-3126-8c09-d49f95225281,Cristi782 Leannon79,F,GENERAL PRACTICE,300 LONGWOOD AVE,WALTHAM,MA,24532741,42.3756401,-71.2358004,932,0,9999995092
22cf16b5-44fd-36aa-9bb1-191c3747d8ce,9f2f60a6-87a4-3f45-b753-b63b5b7e9993,Maricruz991 Considine820,F,GENERAL PRACTICE,332 HANOVER STREET,BOSTON,MA,21131901,42.3647421,-71.0536619,34414,0,9999977595
4becd596-1411-33c6-b323-02a5e8aa1e77,44cb1162-a345-3477-8723-c202a3c8cdcd,Jamey282 Graham902,M,GENERAL PRACTICE,73 W MAIN ST,HOPKINTON,MA,17481619,42.21799145,-71.54005509979045,14586,0,9999958397
d5c0dd9c-9ec6-375d-b687-7a0952679f40,c5306a86-09a1-32d9-875a-67ef56e131c0,Earnest658 Gutkowski940,M,GENERAL PRACTICE,242 SUTTON ST,NORTH ANDOVER,MA,18451631,42.70773345,-71.1300651,6177,0,9999954099
066083c8-98a4-3b56-832c-f53b4ce85339,f341c366-8313-3790-ab26-d8d27b116ff5,Odell776 Greenholt190,F,GENERAL PRACTICE,80 LINCOLN STREET,WALTHAM,MA,24535465,42.39322121170625,-71.24104146434591,8749,0,9999970491
3bbe1080-45ed-3d52-a6ee-a3c3d0aaf62c,0d7ef8ee-4e45-3b40-9f2b-f558dce71574,Douglas31 Kuhlman484,M,GENERAL PRACTICE,200 BOYLSTON ST,CHESTNUT HILL,MA,24672008,42.31886965,-71.17524247213663,3344,0,9999952697
466fad81-5a93-3fed-a992-cf5a9df3a273,1de1aeee-4088-391b-af7a-95d7cfaeaf32,Diego848 Razo972,M,GENERAL PRACTICE,57 PROSPECT ST,NANTUCKET,MA,25542799,41.27514065,-70.10108985970798,2,0,9999995290
d589d493-3f97-3590-b6b7-e58d14e44e62,f312977e-8f41-3816-84cc-e5b12ba36955,Eldora89 Langosh790,F,GENERAL PRACTICE,1153 CENTRE ST,JAMAICA PLAIN,MA,21303446,42.3017598,-71.12855793387442,366,0,9999997296
d32cede7-1c7c-3f0c-9ce0-7fc6905890b2,c5403c4f-14d5-3171-9227-a9b8327f3149,Tyler508 Ferry570,M,GENERAL PRACTICE,52 OLNEY RD,CHICOPEE,MA,10202103,42.1487691,-72.6071119,6162,0,9999953497
33342b9d-9369-3dfe-b3c8-00d6a091b9ac,a730c5e6-a15f-3e36-8112-8579e507d330,Drew592 Ankunding277,M,GENERAL PRACTICE,28 LORD RD,MARLBOROUGH,MA,17524549,42.34718040987546,-71.57283065352654,27453,0,9999952499
15424592-b7b1-3f32-94fe-2b2809a276f7,389323ef-b127-3a06-a22d-e24aef033e5d,Dina200 Streich926,F,GENERAL PRACTICE,200 PROVIDENCE HWY,DEDHAM,MA,20261881,42.22214545274341,-71.18159060546684,1771,0,9999961193
6826bf22-b932-3f8c-ac57-d465b228c5eb,82248deb-13cc-31b2-8764-0233e159a93a,Hank686 Kemmer137,M,GENERAL PRACTICE,19 DEPOT STREET,ADAMS,MA,12201856,42.623644600000006,-73.11852130252683,3467,0,9999973990
cde1b26f-920c-33bf-a232-4b5fc9672124,ce4d0501-49eb-396a-bc56-545fdfc624b0,Mauricio81 Daniel959,M,GENERAL PRACTICE,1 HOSPITAL RD,OAK BLUFFS,MA,25571406,41.46063105,-70.57989080295974,20,0,9999986497
369a2a53-45c7-3475-8673-5dd8b9b43ae6,e69e7cbb-8362-30d1-83f2-3a0c492fe2b1,Chris95 Kub800,F,GENERAL PRACTICE,110 LONG POND RD,PLYMOUTH,MA,23602642,41.9255829,-70.65514326847389,24793,0,9999965897
9dffc185-d1c5-315a-8725-1fd41124bb0f,154cc5db-4906-3411-8aa3-39902c6b3af2,Kylie930 Hilpert278,F,GENERAL PRACTICE,12 VICTORIA LN,STONEHAM,MA,21802221,42.4916624,-71.10288588889674,2587,0,9999941096
67e67aaf-5d0a-32fd-b719-eeecb75850cd,9e469108-97a0-350a-b6ba-be2a286b3dcc,Tereasa291 Mueller846,F,GENERAL PRACTICE,150 FLANDERS RD,WESTBOROUGH,MA,15811017,42.2770724,-71.5679154706427,20,0,9999993097
8f3c4aa4-141a-387f-afef-ca6a4d587dd6,afc661fd-71d9-3fc3-adf2-3fc3b5e8a140,Leontine92 Schmeler639,F,GENERAL PRACTICE,680 CENTRE ST,RAYNHAM,MA,2767,41.9487118,-71.0731008,402,0,9999992594
0c47864c-5f0e-36f6-8544-cf59404591d9,06cc2462-430f-3322-9c87-7e971125f510,Kai187 Mann644,F,GENERAL PRACTICE,133 OLD ROAD TO 9 ACRE COR,WESTFORD,MA,18863198,42.5792583,-71.4378411,328,0,9999990598
da7ab3e2-8c91-3002-b40c-f93fb14f3a56,0899da04-19b2-33b7-9d12-db40b0491c1b,José Eduardo181 Porras535,M,GENERAL PRACTICE,780 ALBANY ST,BOSTON,MA,21182524,42.33364525,-71.07279114401811,384,0,9999979690
406c2552-8b0d-3660-b3f9-d133721f2b02,479427f6-9419-3eba-b2c2-b037b4b89493,Karlene380 O'Keefe54,F,GENERAL PRACTICE,180 GEORGE WASHINGTON BLVD,HULL,MA,20453069,42.2630377,-70.8606109,490,0,9999978098
2dad0323-9513-37e6-adf1-559a1d8839e6,dd456e39-9f82-303b-9c3f-5db0e82a437e,Gerardo48 Conn188,M,GENERAL PRACTICE,26 QUEEN ST,WORCESTER,MA,16102473,42.25930925,-71.81494729825698,1921,0,9999980896
029f9f49-a7d2-3466-89d2-009d36cb66e9,79508e39-d0b0-3613-9d54-168f6e1c3a18,Antonette454 Tromp100,F,GENERAL PRACTICE,200 GROTON ROAD,GROTON,MA,14502056,42.57735215,-71.57414587343038,28242,0,9999990499
3a3d7061-17e3-3f33-bc34-a2748ee86997,af570aee-a397-372c-8eba-5c2b18662b0f,Tyron580 Runolfsdottir785,M,GENERAL PRACTICE,800 W CUMMINGS PARK STE 2250,WOBURN,MA,18016372,42.4961562,-71.1258904921298,2822,0,9999950097
c0de1ef6-2775-3759-82fc-9212745c8dd2,907b1d2f-2bf8-31b5-abc2-14d6b75faa96,Lizeth852 Ernser583,F,GENERAL PRACTICE,340 MAPLE ST,MARLBOROUGH,MA,17523200,42.3358161,-71.54106510218209,567,0,9999957696
03e5f93d-480f-3c75-91cd-ec64ce31ec04,922d1031-d968-39c2-b73c-d5a495c39068,Carlena776 Steuber698,F,GENERAL PRACTICE,350 LINCOLN ST STE 1102,HINGHAM,MA,20432801,42.248735,-70.9209846,7845,0,9999948992
3b207957-acfa-3bc7-b773-e32f0a135d03,352f2e3b-0708-3eb4-9f7e-e73a685bf379,Araceli695 Willms744,F,GENERAL PRACTICE,157 UNION ST,SOUTHBOROUGH,MA,17721215,42.3056501,-71.5245087,406,0,9999994392
62bb298c-4b3c-3db8-9d10-d5e65a5230f3,34f7bdc0-0550-333e-a53f-5e2af5a6d4ec,Augustine565 Kreiger457,M,GENERAL PRACTICE,212 S MEADOW RD UNIT 5C,PLYMOUTH,MA,23605450,41.9426657,-70.7618592,5421,0,9999945295
aa87c997-d0d3-366b-b391-f7840f3bcbea,e34d8448-8b98-3f91-9fe7-faeb8a78e1db,Gordon377 Monahan736,M,GENERAL PRACTICE,NEW ENGLAND SINAI HOSPITAL,MILTON,MA,21862377,42.2501425,-71.065573,9838,0,9999960492
1bb4f164-51eb-30a9-b2e9-c83f0741783b,a2d45ee8-b930-3169-b612-f602961ad212,Valentine262 Leannon79,M,GENERAL PRACTICE,37 MINUTEMAN WAY,SHREWSBURY,MA,15452229,42.288207,-71.73443816915585,42169,0,9999949198
9032529c-0988-3a6b-8b8e-5e4ea008919d,0fa1cab9-83c1-3c85-b7bc-53d8b922e2f7,Rod343 Frami345,M,GENERAL PRACTICE,115 LINCOLN STREET,WORCESTER,MA,16081216,42.2768165,-71.795274,162,0,9999997692
619b44a4-bb4a-33f8-822d-e10a932a9e60,817f4acb-0184-3146-9ce0-87197d8f115a,Julienne688 Buckridge80,F,GENERAL PRACTICE,30 NEWCROSSING RD STE 301,READING,MA,1867,42.51809619399502,-71.0959083715027,2315,0,9999960393
7144160e-638f-3bc8-b802-e36678037b5c,10ffe7b1-2f94-3f12-9288-679da05a1ec9,Brendan864 Hintz995,M,GENERAL PRACTICE,133 LITTLETON RD,WESTFORD,MA,1886,42.57056335,-71.41736646422413,1414,0,9999971598
ef107206-001a-3958-b085-6f77ccedfaf8,4fa643ae-1f58-3c2e-9f33-0ba56345ad10,Trevor374 Williamson769,M,GENERAL PRACTICE,361 MAIN ST,WAREHAM,MA,25712153,41.7613849,-70.71911431737183,137,0,9999946996
d1aa010f-ab77-3144-bbc7-c0b22731f214,a73a3693-57ac-367e-b29e-f0f834cbaf66,Drew592 Simonis280,M,GENERAL PRACTICE,10 CORDAGE PARK CIR,PLYMOUTH,MA,23607318,41.9788991,-70.6879608,10405,0,9999974493
a2ac3d07-60b6-31e9-97df-33c50eb1f066,e6d63525-40f0-3391-a58a-e6a03598911f,Virginia437 Mota271,F,GENERAL PRACTICE,400 STANLEY ST,FALL RIVER,MA,27206009,41.7148511,-71.13527009152534,7145,0,9999980797
21dc8fe4-6d29-33eb-b39f-b52fc5d63c81,fb4a08b8-57ee-382b-b3cb-43d94f1bb4c0,Theo630 Hammes673,F,GENERAL PRACTICE,1010 SOUTH MAIN STREET,FALL RIVER,MA,27242855,41.69077545,-71.16515282264554,9191,0,9999975094
55ee8c82-ff8b-37d2-bc9f-41b48df1adee,2b97893e-dc50-378b-a266-f089b8450329,Magdalena964 Torphy630,F,GENERAL PRACTICE,250 MOUNT VERNON ST,DORCHESTER,MA,21253120,42.3194571,-71.04610844302991,25020,0,9999977397
3b5a7ee1-39b3-3965-8703-cf5f972e07d0,d0894f6b-78d7-338d-82ad-b63de4d40014,Dewayne363 Lemke654,M,GENERAL PRACTICE,330 MOUNT AUBURN STREET,WALTHAM,MA,2452,42.3756401,-71.2358004,1046,0,9999994590
d40c85c4-8cf0-3d90-b9eb-6d938d0fa63e,310d02fb-ba0c-3b5a-9ab3-8d7bb8e7b661,Felica690 Farrell962,F,GENERAL PRACTICE,709 WASHINGTON STREET,CANTON,MA,2021,42.1561851,-71.1452049,2373,0,9999960294
9cd4ca29-05dd-3ecb-ac7d-63cb18fb5b85,5d1b509e-a048-357f-807e-6b863006e337,Lorenzo669 Parra592,M,GENERAL PRACTICE,65 WALNUT ST,WELLESLEY HILLS,MA,24812118,42.3213892,-71.2586343,4090,0,9999956094
43ae93fd-5c95-3e01-bc80-1c864caccf8c,3d5fbf38-c781-3e04-8c7e-5a402611b7d4,Enriqueta274 Barton704,F,GENERAL PRACTICE,260 ELM ST,SOMERVILLE,MA,21442951,42.3955992,-71.1227391,33946,0,9999963991
4740ede8-5ec1-3563-9128-15f1404af72b,d6b03647-983f-3162-af9e-b12aea026f13,Willetta882 MacGyver246,F,GENERAL PRACTICE,65 NEWBURYPORT TPKE,NEWBURY,MA,19501199,42.7891081,-70.87774011339009,5460,0,9999955799
f1ad9bb5-9f57-3e21-9523-2384c866be6c,f43f97f2-af04-3ed0-a42e-3681718cc9b2,Dorcas534 Quigley282,F,GENERAL PRACTICE,725 NORTH ST,PITTSFIELD,MA,12014109,42.4600752,-73.2492795834909,522,0,9999993691
1bda6e1e-d4bf-3987-9986-5bb335969c25,2f26fc73-52a4-3de7-894b-ade34c20def6,Elvin140 Hoppe518,M,GENERAL PRACTICE,39 BOYLSTON ST FL 2,BOSTON,MA,21164702,42.3554334,-71.060511,306,0,9999978999
b0e1f172-cb2c-3b46-b5b4-49e739b76e12,f202fe9c-c1dd-30d5-805e-6a26904dbbce,Christy428 Fahey393,F,GENERAL PRACTICE,256 GEORGETOWN RD,BOXFORD,MA,19211642,42.697599999999994,-70.98887494259449,575,0,9999955997
2c146131-85fa-3dd7-8ff0-58ecfc5f8ee2,7ac466c6-7968-33fd-882c-6d5418f88c8a,Alvin56 Hayes766,M,GENERAL PRACTICE,2 MEETING HOUSE RD,CHELMSFORD,MA,18242700,42.60140085,-71.35097894451894,5754,0,9999965491
c630442d-22df-36d2-9650-16fe9318a57d,88975fd9-b47e-3af6-af78-c58e1ecf0d5e,Mónica985 Salazar800,F,GENERAL PRACTICE,115 W SILVER ST,WESTFIELD,MA,10853628,42.1178811,-72.75935246865802,22,0,9999991794
2486f709-be8c-3cc7-b442-5336336a2096,52efa2e5-007f-3396-a83a-28ca015f0595,Ranee391 Turner526,F,GENERAL PRACTICE,20 N PARK AVE STE 2200A,PLYMOUTH,MA,23604090,41.96043463148859,-70.67007876763536,1979,0,9999953695
f2b0a660-923c-326f-9623-15d74102ec80,edd58f69-ad5f-346b-b1f9-530ccdc895f6,Johnathan55 Padberg411,M,GENERAL PRACTICE,52 CARPENTER ST,ATTLEBORO,MA,27032472,41.9369576,-71.27996091755344,450,0,9999941690
2e3d05e9-bd0b-3c83-befc-bdf39cba0393,b3f4de6b-901d-3856-ba81-35dc48a63d17,Darren774 Cronin387,M,GENERAL PRACTICE,451 ANDOVER ST STE 205,NORTH ANDOVER,MA,18455079,42.6734518,-71.1268776,6568,0,9999944298
eb58295e-02b6-388d-8cb8-b93e741cd397,4ba48ef6-19f2-3177-bfaf-096daaebf26a,Gerald181 Wunsch504,M,GENERAL PRACTICE,275 TURNPIKE ST,BRAINTREE,MA,21845328,42.2064195,-71.005067,19160,0,9999967497
8a2bf623-5183-32ed-8a70-877a67b6c699,d087a353-12da-3785-b121-fb1291f8a721,Thad495 Baumbach677,M,GENERAL PRACTICE,17 CLARENCE ST,WORCESTER,MA,16052430,42.287673653061226,-71.80890779591836,2162,0,9999947598
c9f0e492-c457-30fe-954f-1c3bca0cddd7,8ce066ae-10ad-3679-9272-387e8cb21947,Dane516 Tromp100,M,GENERAL PRACTICE,3 CHERRY ST,NEWBURYPORT,MA,19503928,42.80038345,-70.87664535540449,1690,0,9999966796
07845960-c52a-37d4-9ea6-2e5606f46058,936ceb96-2b12-371f-aa68-ee02a9c06f4c,Alan320 Keeling57,M,GENERAL PRACTICE,225 BOSTON ST,LYNN,MA,19043124,42.47049745,-70.96003668151566,10271,0,9999964395
6092d4dc-f76d-3007-b58b-4d27935cf2d6,2cea5ce8-beca-3593-ad2d-07b6f273a9d2,Franklyn361 Halvorson124,M,GENERAL PRACTICE,201 S MAIN ST,ATHOL,MA,13312131,42.5913877,-72.24248995154954,4250,0,9999967299
ae49357b-f0a8-3e55-8af8-e0b7c12c9786,5818ce99-2a75-34ef-9cc7-e6cbf3b93ddb,Monroe732 Ankunding277,M,GENERAL PRACTICE,146 FEDERAL ST,GREENFIELD,MA,13012511,42.5928222,-72.5984235,1434,0,9999942995
f1d3776e-1f88-35a2-a2a4-bbf5a0f1ef73,a855314b-4fb5-37fc-8015-5caa96c928b1,Terrence276 Kiehn525,M,GENERAL PRACTICE,759 CHESTNUT ST,SPRINGFIELD,MA,11991001,42.12152205,-72.60300615153007,392,0,9999995498
cba0c4c5-1894-36e8-a6ed-896713376353,48a6d3ab-50ef-349e-8945-2558a78f378e,Junior695 Kuhlman484,M,GENERAL PRACTICE,795 MIDDLE ST,SWANSEA,MA,27774114,41.730919,-71.208117,2,0,9999990994
bbec435a-1dac-3372-8e30-1d6ba49be75b,cabc0f0d-dcca-34a2-bc6b-519ed1cc7f74,Elicia233 Huels583,F,GENERAL PRACTICE,191 MERRIMACK ST STE 712,HAVERHILL,MA,18306199,42.7742236,-71.08181133783422,3974,0,9999944694
55279587-6154-3ca4-b3bc-3164b1bf1d98,d94fe085-4c7b-36c9-a255-3f700d402d36,Bertram873 Goyette777,M,GENERAL PRACTICE,430 N CANAL ST,LAWRENCE,MA,18401246,42.70511426530612,-71.16431740816327,519,0,9999961698
24af81aa-ce34-3c14-86b9-4a22438088d7,f3740f1e-3176-3f58-ba4a-f95d8f5b9263,Ariadna374 Cornejo190,F,GENERAL PRACTICE,75 KNEELAND ST,BOSTON,MA,21111901,42.350222,-71.060605,1208,0,9999976290
8ff052de-38aa-3544-8f39-bbb37b0988bb,f1c6e386-ed52-3f97-a2b0-4e21ad2d0966,Rhonda22 Bins636,F,GENERAL PRACTICE,54 COURT ST,TAUNTON,MA,27803201,41.9028629,-71.09718927122583,4579,0,9999966390
2fe2fae1-bb70-3d33-964f-c532a17cfbfe,7b20d1c4-c56b-3647-801c-5e4e13679073,Mozell819 Prohaska837,F,GENERAL PRACTICE,275 SANDWICH ST,PLYMOUTH,MA,23602183,41.94186605,-70.6455366462985,2955,0,9999992693
b6601f07-4392-358f-935e-cb14d521d978,f4c3453d-0dd5-320a-a319-33af27c4c9d0,Johna806 Zboncak558,F,GENERAL PRACTICE,11150 W OLYMPIC BLVD STE 1000,BOSTON,MA,21083036,42.3554334,-71.060511,286,0,9999946194
60a7ac98-6d13-3c2a-b450-847bb244df57,2399f9b0-28d7-3355-ae52-474326a3b021,Viki353 Boehm581,F,GENERAL PRACTICE,23 N ASHLAND ST,WORCESTER,MA,16093041,42.26901755,-71.80739730766234,897,0,9999975193
112ea305-f072-360c-9f9e-a4fa88c999ed,e982819a-87b3-3124-a0f2-85f8afcc7731,Alfred550 Goldner995,M,GENERAL PRACTICE,140 COMMONWEALTH AVE STE 202,DANVERS,MA,19233625,42.5524742,-70.94443165548033,2421,0,9999963892
a98616cb-5e60-3ee8-b909-faeabbfed933,71d9e7fe-5a34-3f11-8edb-f79c482785fe,Phillip440 Kunze215,M,GENERAL PRACTICE,42 CAPE RD,MILFORD,MA,17573292,42.1274477,-71.5195252,7912,0,9999974592
c8f1c6af-9aae-3ca5-8a63-410b9c81381b,4f59f709-8b84-3d27-a04b-c6b7b5544413,Jamison785 Davis923,M,GENERAL PRACTICE,70 BOLTWOOD WALK,AMHERST,MA,10022271,42.3768779,-72.51840280783739,106666,0,9999973297
03fca8b5-47c2-3151-b4b0-3c6e7e5abc38,c4e5b33c-17b8-3f51-a8ba-a327d54e642a,Kaila152 Dibbert990,F,GENERAL PRACTICE,94 N ELM ST,WESTFIELD,MA,10852917,42.1322823,-72.7436679,6726,0,9999952093
44bacfe6-0e45-3860-a9be-e53b5e0e8fa3,5225cc87-6a30-303c-a882-5f001cee7f0e,Ila598 Boyer713,F,GENERAL PRACTICE,110 W SQUANTUM ST,QUINCY,MA,21712122,42.27259075,-71.03082765,5915,0,9999972695
d05371a8-b5a6-3fd8-8f68-02b993f5f665,c25911bc-3240-358a-86ce-5f45bb8f0c53,Verdell500 Hammes673,F,GENERAL PRACTICE,325 WOOD RD,WELLESLEY HILLS,MA,24812188,42.3130588,-71.2738201,4311,0,9999951392
7e52ecdf-24bf-330f-a357-f1d33bb0a7b7,79d49935-bcc0-36ca-920b-45365c367438,Sherita708 Hudson301,F,GENERAL PRACTICE,409 W BROADWAY,SOUTH BOSTON,MA,21272245,42.336831,-71.047958,30422,0,9999967398
f710473c-87a6-3b50-9d2d-d2beb43a410e,680532c8-2661-3b39-875a-b6ec0746ccf5,Buford910 Dach178,M,GENERAL PRACTICE,30 ATHOL ST,ALLSTON,MA,21341124,42.36075595,-71.13397379082869,9146,0,9999980094
7fbd1032-2cd0-381c-902a-afd36bf22cb1,cc400ddc-c38d-3604-8d89-cea21555719f,Fritz267 Kirlin939,M,GENERAL PRACTICE,87 CHESTNUT ST,NATICK,MA,17603644,42.293559188306446,-71.35158050924959,21016,0,9999955492
4b07f38e-ec8e-3e2b-9e6d-b8f79b1ff189,51370692-6296-3150-8672-559fc73f964f,Mateo562 Escobedo608,M,GENERAL PRACTICE,75 FRANCIS ST,WEST BRIDGEWATER,MA,23791542,42.0219112,-71.019004,427,0,9999998690
6a681023-0f9b-3e9d-8b85-fb1c349721cf,10dcd91e-6eda-385b-bafb-d5e1ae92dc34,Susanne275 Abernathy524,F,GENERAL PRACTICE,677 W MAIN ST,HYANNIS,MA,26013493,41.6523127,-70.32027525205335,31,0,9999950394
a84716bc-a3b6-3617-b98a-b10e0ae78228,cdc87240-38e9-36f8-959b-706642e01e11,Vicente970 Armstrong51,M,GENERAL PRACTICE,243 CHARLES ST,STONEHAM,MA,21803559,42.4814675,-71.0924311,291,0,9999997197
ee39eb1f-a294-34ea-a276-deee951b0e31,c6b019eb-28ec-36f6-abf3-bcc4d1d58966,Maren639 Aufderhar910,F,GENERAL PRACTICE,33 AVON ST,WAKEFIELD,MA,18802310,42.50403445,-71.07462951514611,8190,0,9999950790
c2a504a4-dff8-370f-a3f9-9d8ffeb6f451,b5b380d2-df21-3389-abf0-08551c7e1f2d,Madeline975 Friesen796,F,GENERAL PRACTICE,85 PATTON RD,DEVENS,MA,14344401,42.5304204,-71.61505519305638,9,0,9999989293
7dd5bdda-c124-3c1d-947d-32340497f391,31e00f85-6909-3d9f-afc6-5ae507ab0c06,Kyle55 Collier206,M,GENERAL PRACTICE,382 GROVE STREET,BRAINTREE,MA,21847324,42.1893694,-70.98451984814267,38932,0,9999970194
a8f10e58-b767-3dd7-82dd-4f64833de25d,dd8f40be-2c90-347a-abf6-c07a5ad4148f,Harold594 Bashirian201,M,GENERAL PRACTICE,105 CHESTNUT ST,NEEDHAM,MA,24922520,42.2784618,-71.23770041644639,3125,0,9999963496
f7ef2929-5a9f-3918-bb93-3395126bacf7,06376cbe-4880-384b-b459-7ce3eef36ced,Lynwood354 Ratke343,M,GENERAL PRACTICE,387 QUARRY ST,FALL RIVER,MA,27231026,41.6932713,-71.1402431739568,13112,0,9999982090
3602672f-3579-3806-b6c4-308413005884,b3312a2d-37e9-35a8-b50d-6c165c437baa,Ignacio928 Luna60,M,GENERAL PRACTICE,45 DIMOCK ST,ROXBURY,MA,21191029,42.32030665,-71.09721114916246,4519,0,9999981399
6248b0df-3ddb-359d-9cfd-4947514cc8ae,b6717471-7f78-32c4-b1c5-e3a6310553d7,Tilda804 Roob72,F,GENERAL PRACTICE,15 RAILROAD AVE,TOPSFIELD,MA,1983,42.6375935,-70.9494966,12,0,9999966499
d0440cb2-5840-3c23-8dab-23381721b9aa,2836d9ac-c6a6-39d1-8f13-fdf0fc8928f4,Alysha630 Koch169,F,GENERAL PRACTICE,365 EAST ST,TEWKSBURY,MA,18761950,42.6069472,-71.2180803,4466,0,9999994491
f022d890-ed0a-3bd7-bce9-86ef0c7f5494,a2f8d8fe-665e-390f-8b9b-efdc0b14a77c,Armand155 Towne435,M,GENERAL PRACTICE,161 JACKSON ST,LOWELL,MA,18522103,42.6425382,-71.3093946,1334,0,9999981696
8322e7b0-e53b-3c5e-ac9a-3e432b03c4e0,82c72223-f521-3a34-9b9b-4ff366365399,Shon148 Reinger292,M,GENERAL PRACTICE,2100 DORCHESTER AVENUE,QUINCY,MA,21691870,42.2509914,-71.0037374,1373,0,9999990895
25874944-056a-365c-956f-13289dfc1964,7b4c5725-41a1-38e2-8d17-180e0c029fef,Marisa391 Larkin917,F,GENERAL PRACTICE,116 COURT ST,PLYMOUTH,MA,23603808,41.96037605,-70.67160846967218,443,0,9999965095
499cca5f-fc7a-3375-80dc-c87baddd016b,01516bed-cf23-30da-ad4f-967d65529743,Freddy176 Davis923,M,GENERAL PRACTICE,67 BRIGHAM ST,NEW BEDFORD,MA,27402211,41.62716045,-70.9414201572985,1118,0,9999951095
ffba11e2-f09f-3b15-a2a9-2173a6d6fa8c,15e26ce3-9006-3ce2-9327-493180a15ec1,Luvenia178 Breitenberg711,F,GENERAL PRACTICE,6 GROVE ST,NORWELL,MA,20611534,42.172231693916025,-70.87836493029226,3651,0,9999957795
cdef182d-42ab-333f-82fd-8224967c77a4,b5e6f1bd-c744-3556-9775-5ff8399eea33,Whitney250 Wiza601,M,GENERAL PRACTICE,2284 MAIN ST,CONCORD,MA,17423829,42.44300895,-71.42458458423982,15159,0,9999955294
fa2c38e4-7b96-3251-8074-4da62e1fd77e,719db77c-034f-3079-9b12-0d2ec2efeef9,Derick144 Murray856,M,GENERAL PRACTICE,1601 WASHINGTON ST,BOSTON,MA,21182006,42.3381394,-71.0748562,1511,0,9999971796
9f71a5fe-6303-3d1b-976c-800b49a45ef7,83579123-f29c-39b8-9f5f-8f79e91683c7,Reggie481 Kassulke119,M,GENERAL PRACTICE,100 CENTURY DR,WORCESTER,MA,16061244,42.3138278,-71.7707002,7963,0,9999942490
475d23ab-8e13-304e-86fb-097e898e291a,94f6a3ae-7d8d-3cbc-a788-e400732da7e5,Norma469 Ramón841,F,GENERAL PRACTICE,450 WEST RIVER ST,ORANGE,MA,13649603,42.5928702,-72.32953998953418,6300,0,9999980391
070efc68-6fbf-363d-804f-5e6f7fd32a50,4bde4cbc-55f7-3501-90eb-2c88178c7be1,Melvin857 Nikolaus26,M,GENERAL PRACTICE,50 MEMORIAL DR,LEOMINSTER,MA,14532238,42.541995,-71.7628835,2493,0,9999960195
2b0a2dab-25fc-3d59-9a36-fe801d3ae366,e2eab39c-5195-34aa-b35f-e89e37cfed01,January966 Roberts511,F,GENERAL PRACTICE,55 FOGG ROAD,WEYMOUTH,MA,21893141,42.1755398,-70.9539153674405,3144,0,9999996595
db98c8ef-341c-3e1c-a3a6-5a9b30acba80,21989e2e-249c-3b79-acf0-240211e16b4b,Hung902 Ullrich385,M,GENERAL PRACTICE,1290 TREMONT ST,ROXBURY,MA,21203432,42.3327398,-71.09194864251029,4481,0,9999977298
e6cb013f-f634-3230-bbe5-c4ecf93a6339,b411fd60-9bd5-30f1-99b4-c24a409964a1,Wanetta360 Schumm995,F,GENERAL PRACTICE,42 ASBURY ST,SOUTH HAMILTON,MA,19821808,42.61322825,-70.87300675048934,984,0,9999965699
39c0ba7b-ba1d-388e-8f26-d543c36097b5,3f75cc55-b046-3d03-b4ff-ec338624ce10,Sanora914 Jacobs452,F,GENERAL PRACTICE,77 WOLCOTT AVE,NEW BEDFORD,MA,27451033,41.6362152,-70.934205,234,0,9999945691
06dc87c9-52ca-3d0e-ba20-522cbc204de4,73158a24-c079-3fb1-800a-2d7e26d9c566,Kortney212 Wehner319,F,GENERAL PRACTICE,6 ESSEX CENTER DR,PEABODY,MA,19602907,42.539944,-70.950156,490,0,9999949693
eb50594d-d92a-3f21-b8b4-94e05e285405,12b53c77-c450-312f-be60-15972d60f3bf,Glenn0 Raynor401,M,GENERAL PRACTICE,38 ROCK ST STE 2,FALL RIVER,MA,27203130,41.702227699999995,-71.15346905000001,49,0,9999945592
f1168c2a-50b2-31e1-8931-3ee2473cc85a,7e4a295e-51a9-3064-8f00-b10e1eec7f38,Vivian245 Keebler762,F,GENERAL PRACTICE,162 CHANDLER ST,WORCESTER,MA,16092924,42.26037525,-71.81434480717176,213,0,9999972992
34ae6140-be47-3b4b-b4e0-2e57df67086f,f52777bd-7313-3b27-8dd5-cd3f87bd3275,Larraine124 Torphy630,F,GENERAL PRACTICE,9 HOPE AVE,WESTWOOD,MA,20902914,42.2139873,-71.2244987,987,0,9999962597
31129897-b4aa-3697-b50b-6cbeaa0cccf6,df3f566c-97e5-31ed-b0fe-4b452666f736,Sandie760 Rodriguez71,F,GENERAL PRACTICE,300 CHESTNUT ST,NEEDHAM,MA,24922477,42.27522125,-71.23743483674366,1367,0,9999952895
4b788022-140c-36d4-9165-376e7ac22bcf,4705a8fd-19cd-32c1-8b3e-34bcfe84d0bd,Jimmie93 Mayert710,M,GENERAL PRACTICE,55 N WASHINGTON ST,NORTH ATTLEBORO,MA,27601607,41.983529,-71.332241,9078,0,9999951590
467e71d8-b8dc-32d0-bcef-6f9cf3d62ddb,f5ccbb53-e4a0-32e5-a693-02150497a8f4,Astrid395 Huels583,F,GENERAL PRACTICE,100 HIGHLAND ST,MILTON,MA,21863881,42.250705749999995,-71.07724199194602,8718,0,9999966895
bc403778-c519-3e40-83d5-11792ad5ccb2,497f39dd-280e-3d58-af5b-c5e3a3a09b10,José Emilio366 Botello137,M,GENERAL PRACTICE,27 PARK ST,HYANNIS,MA,26015230,41.65363635,-70.27352219234834,52,0,9999992198
6a47eb95-35ee-331c-8a1f-01b5b92d5af3,578b56de-fe9c-32e1-aea4-876f8bc01e9c,Ollie731 Dooley940,M,GENERAL PRACTICE,49 HILLSIDE STREET,FALL RIVER,MA,27205211,41.707406500000005,-71.14593659462452,9,0,9999994293
833501c2-4f28-3ab9-8053-128eb2077921,6618f4ef-656a-347f-b61e-ed4d6c21763a,Laura391 Zamudio115,F,GENERAL PRACTICE,231 SUTTON ST STE 1A,NORTH ANDOVER,MA,18451620,42.70554405,-71.12856345,3631,0,9999946798
adf19f5e-496d-3677-855c-117991567022,83445caa-116b-3a1e-a75e-8104d321c4c3,Cythia210 Crona259,F,GENERAL PRACTICE,315 MAIN ST STE 101,NORTH READING,MA,18641326,42.5967338,-71.11988300141903,14122,0,9999944793
4701f16e-7207-341e-8031-eeb6efa21f6a,390a2aa4-70b4-3a64-a12f-9bd777834c8d,Inés791 Colón139,F,GENERAL PRACTICE,710 MAIN STREET,HARWICH PORT,MA,26461931,41.669654699920855,-70.06169919459835,113,0,9999975797
be6dab6d-6aec-3736-8c86-d47f8796dc82,18a96051-91f4-3cba-af96-056ea14dfee0,Silva841 Grimes165,F,GENERAL PRACTICE,25 HIGHLAND AVENUE,NEWBURYPORT,MA,19503872,42.81369325,-70.89091645747592,9,0,9999994194
10a02dde-6a95-385a-84ce-f11107f91711,c5d5a544-0277-342f-8422-d30848a82438,Adela471 King743,F,GENERAL PRACTICE,151 ROCK ST,FALL RIVER,MA,27203201,41.70365955,-71.15259151299796,1835,0,9999963397
903b2abd-f221-3e10-bcb8-4b54f59c9108,c2e93fb4-abf2-3210-b6ec-4d1ecb2b76f0,Francene766 Halvorson124,F,GENERAL PRACTICE,62 BROWN ST,HAVERHILL,MA,1830,42.76512700000001,-71.04617174286321,3716,0,9999944991
8a468f13-49bc-379f-9a2d-a77452f3aaaa,1ab2b5f9-cb95-3236-beec-9b9d4a407c61,Carroll471 Eichmann909,M,GENERAL PRACTICE,725 NORTH ST,PITTSFIELD,MA,12014109,42.4600752,-73.2492795834909,570,0,9999993592
2ca525fc-98ea-3d82-bf1b-d5d8f260e0e9,ec509895-6196-36d1-b91e-272bed7e6196,Anita473 Araña824,F,GENERAL PRACTICE,40 ARMINGTON ST,ALLSTON,MA,21342406,42.3521617,-71.1375176,2521,0,9999979898
9e8d40f7-84bb-3bcc-ac57-fda45601719c,aebbaa5c-2d54-3002-8042-83f6513ccbd2,Kellee902 Buckridge80,F,GENERAL PRACTICE,14 TOWNSIDE LN,WALPOLE,MA,20813541,42.1528227,-71.24396289112357,6651,0,9999940890
860071c3-1b2e-3c6f-91ba-fc26dc2dff76,41e2a44c-477c-3511-96f9-12c476aa3b6a,Antwan357 Lindgren255,M,GENERAL PRACTICE,85 E NEWTON ST,BOSTON,MA,21183553,42.3362771,-71.07085295687423,2828,0,9999992396
af6ea571-3adc-3da0-9b91-c8f0a06d21b0,f00601d0-d49e-30ed-bc3e-314379f2103e,Mitsue965 White193,F,GENERAL PRACTICE,490 MAIN ST,MELROSE,MA,21763841,42.4550741,-71.0654799,11813,0,9999957092
00593988-7560-348a-a635-acbc44dda3ae,5b0cd0a0-f277-3a66-bee6-d64b5be4a3f5,Waldo53 Hintz995,M,GENERAL PRACTICE,725 NORTH ST,PITTSFIELD,MA,12015493,42.4600752,-73.2492795834909,594,0,9999993790
2f13d97f-3c88-3eb7-b769-b1069c546b6e,c8c30d67-e7cc-30ab-972d-28e97aff18a7,Jackie93 Emmerich580,M,GENERAL PRACTICE,100A WARREN ST,BOSTON,MA,21242012,42.3279429,-71.0831806,2577,0,9999943993
32f71b6d-cf53-3346-bad8-9736585f141d,0a42bb03-b1a7-347d-82f3-4ba02080e55c,Dallas143 Friesen796,M,GENERAL PRACTICE,332 WASHINGTON STREET,WELLESLEY,MA,24816217,42.310362049999995,-71.27601802190625,2707,0,9999952796
502e54ec-89fe-36bc-a19c-c4696258b76b,f5b88e0f-3f0a-3400-b56f-26247e2a35ac,Laci507 O'Keefe54,F,GENERAL PRACTICE,585 LINCOLN ST,WORCESTER,MA,16051906,42.2962766,-71.7688972944814,1360,0,9999975391
fb34652b-8d7e-3943-935a-aff50f85eb6d,b44955d1-f0e2-3beb-a013-708a81dbe430,Idella49 Runte676,F,GENERAL PRACTICE,680 CENTRE ST,WEST BRIDGEWATER,MA,23791600,42.0219112,-71.019004,6586,0,9999970699
9885b72d-7176-31c6-9faf-f452287a9dd6,ad2dab07-4f85-3950-baaa-7c7cd2aa770c,Gertrud593 Kuhic920,F,GENERAL PRACTICE,55 LAKE AVENUE NORTH,WORCESTER,MA,16550002,42.2774799,-71.76166994969458,624,0,9999999094
2f07e4d7-07e9-3a1b-9a76-e8e9f4a0421c,18b1bb7e-2f93-3253-a7ae-d19c13ffeaa1,Derick144 Bashirian201,M,GENERAL PRACTICE,29 E 29TH ST,WEST NEWBURY,MA,19854201,42.8014795,-70.989778,777,0,9999946590
df996c8d-309f-3f91-8063-8c4f263b3b3e,67d2f85b-ddc7-3ed0-b90b-6fa5b7b8358a,Marshall526 Jenkins714,M,GENERAL PRACTICE,43 FOUNDRY AVE,WALTHAM,MA,24538313,42.37050535,-71.21908334877376,11566,0,9999981498
a51e4771-8008-3c91-930a-2c5e6a1c0caa,78eb7e47-26d6-37d4-8e01-5eabfc9d068f,Francisco472 Hagenes547,M,GENERAL PRACTICE,78 BRICKYARD RD,ATHOL,MA,1331,42.58312735,-72.2583516123911,7275,0,9999961391
243d82da-a5a9-3dd2-b777-efd84645a3d0,1d45436f-15a9-326e-a452-2e9ffc9fc5e5,Wilfredo622 Mraz590,M,GENERAL PRACTICE,75 SPRINGFIELD RD,WESTFIELD,MA,10851832,42.11142885,-72.71189899299209,463,0,9999969295
0aef0663-7e2a-3695-aefd-bd51dd4dd428,0d9b0d22-585e-3fd8-ab02-26b5be7915d1,Jean712 Koelpin146,F,GENERAL PRACTICE,516 CAREW ST,SPRINGFIELD,MA,11042330,42.12133575,-72.59217953646302,931,0,9999991299
fdd4db27-7381-3824-b68d-6ff6e94bc9ce,0d1570ab-371c-3898-9397-95905d8c5166,Jose871 Dicki44,M,GENERAL PRACTICE,750 WASHINGTON ST,BOSTON,MA,21111552,42.3499038,-71.0631836,1639,0,9999986893
8a3cb803-e147-3692-9eec-b261de5e7351,4b7e26e6-e5b1-38c9-b4ac-fde9a0f93177,Edmundo94 Eichmann909,M,GENERAL PRACTICE,38 BROAD STREET,QUINCY,MA,21694604,42.2560352,-70.99469254391217,10474,0,9999979393
b5d79d47-814a-36c3-ba09-c516d466aef6,94dda4e1-7476-367a-b1f8-37ea7f61a1b7,Dylan44 Robel940,M,GENERAL PRACTICE,145 WARD HILL AVENUE,WESTBOROUGH,MA,15811017,42.2694308,-71.6129907,1111,0,9999999797
245142db-d28a-39de-a70d-5f61bf822cfa,01bb7b5c-f850-3c4e-a3f1-442d8273559a,Dennis979 Effertz744,F,GENERAL PRACTICE,395 PLEASANT ST,NORTHAMPTON,MA,10603914,42.3150543,-72.62555561349089,10269,0,9999969790
c941a668-fc5c-3653-9043-4bc57e700caf,c0a33465-d309-3d2a-932e-9d554a7cc19c,Nathanael908 Rogahn59,M,GENERAL PRACTICE,100 CENTURY DR,WORCESTER,MA,16061244,42.3138278,-71.7707002,805,0,9999988196
ca0058b0-ab77-3f73-b2a4-751bc25884f3,94c70730-f430-3878-972c-d06d65cfce1d,Tracy345 Runolfsson901,M,GENERAL PRACTICE,71 HOSPITAL AVENUE,NORTH ADAMS,MA,12472504,42.70714585,-73.10965876407255,4422,0,9999973891
d298e2a9-fd39-3261-82cb-c5cbb21a5314,0583e4f7-f1c2-3100-8e0c-d0decc7ef261,Dusti191 Howe413,F,GENERAL PRACTICE,123 WATERHOUSE ROAD,BOURNE,MA,25323890,41.72840155,-70.58506829999999,361,0,9999978494
1e29ac29-40f4-3555-adec-e2e406f29b20,ce81052f-7c77-3cd7-8c30-930339a79ceb,Delorse592 Cummings51,F,GENERAL PRACTICE,363 ALBANY ST,BOSTON,MA,21182503,42.342456,-71.062887,2088,0,9999980599
824673cd-e0f1-3fb7-b004-bae9058012a6,1cbe28ad-2332-3d1c-9015-b5017aac57ce,Tristan353 Mayert710,F,GENERAL PRACTICE,72 UNION AVE,FRAMINGHAM,MA,17028216,42.27999166666667,-71.417736,110,0,9999975292
32243d2f-1902-300f-b16a-01e0c9716424,689f8809-c101-38db-b3c9-580b4c37f268,Joel444 Bins636,M,GENERAL PRACTICE,364 STATE RD,VINEYARD HAVEN,MA,25685624,41.44720825,-70.61474940346154,7448,0,9999952192
ee460279-1ddb-38cb-817d-330cc7ef2ddf,6450f09c-28fc-3815-abfb-62056b72e508,Kory651 Dicki44,M,GENERAL PRACTICE,20 RESEARCH PL,NORTH CHELMSFORD,MA,18632455,42.6389798,-71.3828403,828,0,9999958496
bdb8046e-df27-30f7-be82-12a3ce5eebda,80646050-1c76-3046-bbc8-fd5f0b7c34e6,Mayola305 Hauck852,F,GENERAL PRACTICE,140 ARNHOW FARM ROAD,FITCHBURG,MA,14201369,42.5903661,-71.8119837,3743,0,9999974097
a21d52b4-f733-3c13-b3d5-3adc9fdf1819,0a689d33-2b0d-3942-8de8-e28812e91c69,Clora637 Pagac496,F,GENERAL PRACTICE,47 SEAVERNS AVE # 5,BROOKLINE,MA,24463806,42.3317642,-71.1211635,9681,0,9999943191
bcd63884-30ff-35a6-8459-b42e3fadbf38,cac6f8b3-eafd-31b3-9fa3-8015752ccc2c,Jessie665 Pagac496,M,GENERAL PRACTICE,123 SUMMER ST,WORCESTER,MA,16081216,42.26496835,-71.79655403681465,135,0,9999995894
8aba3b8d-4acb-3b7a-96e5-7b586847268e,6e517750-a29e-3170-a02b-5733ff523458,Margarita164 Abbott774,F,GENERAL PRACTICE,101 BARRY RD,WORCESTER,MA,16091275,42.3030701,-71.8333408960994,6337,0,9999953596
fd84a123-23ff-30bd-b26e-5ea9b2a53772,1b3fe590-8793-3f08-865d-01fc425a84d4,Mathilde204 Wintheiser220,F,GENERAL PRACTICE,1340 BOYLSTON ST,BOSTON,MA,22154302,42.34392675,-71.09888049065322,15890,0,9999981290
ddb82384-abc2-3a94-bda3-577a6292abec,0be0e035-8dad-387e-bbdd-a5a469c4311f,Deane47 Howe413,F,GENERAL PRACTICE,480 MAPLE ST,DANVERS,MA,19234065,42.584178050000006,-70.97197467750539,3723,0,9999960997
78f264e6-f494-3e2e-9816-04f578761a9f,3f12ebb4-e03c-3453-88d2-4fc9682383df,Erwin847 Stiedemann542,M,GENERAL PRACTICE,726 COUNTY ST,NORTH DARTMOUTH,MA,27473603,41.6389926,-70.9703171,18212,0,9999962894
647fd6e2-d487-348e-b980-62fadf33c987,a9fc7aa5-d3b3-314d-9cf7-af29051d3dd9,Rudolf736 Hermiston71,M,GENERAL PRACTICE,1193 SEA STREET,TAUNTON,MA,27803960,41.8946107,-71.11113,701,0,9999974394
64da8da3-0ba5-3de8-ad53-9615a6649490,8af3b144-0e1a-3c90-937d-81a4ed026080,Guillermo498 Fay398,M,GENERAL PRACTICE,800 WASHINGTON STREET,NORWOOD,MA,20623489,42.1886973,-71.2005241,976,0,9999990796
2ece6f61-17eb-3291-bc1c-eece426eb615,02f1998b-3ff7-385f-89ce-642d33b01d5c,Wilber603 Mills423,M,GENERAL PRACTICE,71 HOSPITAL AVE,NORTH ADAMS,MA,12472504,42.70714585,-73.10965876407255,4224,0,9999972091
57b0715b-c7ed-3618-add4-88f8e49342b7,9fdce5d5-d4d0-3156-a8d5-8757bfe4e9b3,Pamelia915 Kilback373,F,GENERAL PRACTICE,1 FARMER CIR,ARLINGTON,MA,24742866,42.42405225,-71.16792616556859,10069,0,9999949099
84053ba9-de45-35fc-a9c3-867a947c0e08,a35fd733-dc1a-33f0-a308-292ff5581287,Phil587 Schaefer657,M,GENERAL PRACTICE,15 STRAW AVE,FLORENCE,MA,10621491,42.335654,-72.663286,114,0,9999961599
5339a6ea-0995-3fa8-bcfe-47f4e5601318,b014aec7-7bd8-351f-8808-3e280cbc5be6,Sergio619 Volkman526,M,GENERAL PRACTICE,70 EAST ST,HAVERHILL,MA,18306700,42.7777829,-71.0767724,134,0,9999989491
28e0bf3c-3ba4-3dc5-ab19-a855d9d6e9a5,f1664435-2eca-3eff-bd1a-13701e7ad1bd,Rosa195 Marks830,F,GENERAL PRACTICE,300 PASTEUR DRIVE,NEWTON,MA,24592058,42.3370414,-71.2092214,8538,0,9999944199
cce37837-2d99-3617-a9b9-99367cf9826d,125eccb3-d003-34ea-9bd8-360dff059782,Rolande819 Gerlach374,F,GENERAL PRACTICE,125 PARKER HILL AVENUE,DEDHAM,MA,20266146,42.2489143,-71.1755732,461,0,9999998096
1d836b1c-e275-3d93-bf26-bcca109b9689,fc90e623-9edb-30a7-9040-29968f8ebaa8,Kori635 Stiedemann542,F,GENERAL PRACTICE,271 CAREW ST,SPRINGFIELD,MA,11042377,42.11597825,-72.59301656598424,2104,0,9999958595
607e19be-ed5a-36b5-979a-fcfca9e67c3a,40dd62f9-85ca-34e7-a20e-449daa16f4a5,Jaime666 Klein929,M,GENERAL PRACTICE,271 CAREW ST,SPRINGFIELD,MA,11043581,42.11597825,-72.59301656598424,46,0,9999993493
262e98c5-1080-3ac7-af9b-3731444fd02a,c5742266-625d-3824-9ed3-4b5c6bc3e296,Erica194 Goyette777,F,GENERAL PRACTICE,22 BRAMHALL ST,SCITUATE,MA,20664312,42.1939754,-70.7697128,14297,0,9999957399
963189ec-276d-3966-9b1f-fd5548a0b67f,b242f971-3c74-3778-b148-81366c1e6a3f,Leland44 Bernier607,M,GENERAL PRACTICE,10 CAREMATRIX DR,DEDHAM,MA,20266149,42.2270762,-71.17237295563174,281,0,9999998591
a78b61a4-ef65-30ee-b8d3-27a54585b42f,a8a4e435-687f-3ecb-9af8-09b4636d1a1a,Mari763 Skiles927,F,GENERAL PRACTICE,107 COMMERCIAL ST,MASHPEE,MA,26496507,41.60736455,-70.49065684933157,50,0,9999980292
3f26304b-43d5-35d2-9844-d6a9419d7148,e5b9db6a-8dd8-3622-b9ce-3dc593e111d1,Harvey63 Tromp100,M,GENERAL PRACTICE,1223 BEACON ST STE A,BROOKLINE,MA,24465332,42.3430087,-71.1170155,7189,0,9999947291
f9dcac69-332a-3c64-8e6b-9757790b4759,36c8b677-a6ce-3266-b71e-ed86d778d0fa,Rebekah348 Rippin620,F,GENERAL PRACTICE,300 FRIBERG PKWY,WESTBOROUGH,MA,15813900,42.28350315,-71.58027718702151,549,0,9999988790
83d5a799-058d-32b1-bbbb-1e52fa9ce043,e92dad8b-f485-315a-8fc4-1d7adfdc9c00,Ramiro608 Anderson154,M,GENERAL PRACTICE,581 FAUNCE CORNER RD,DARTMOUTH,MA,27471242,41.676111381167445,-70.98788528176077,445,0,9999989392
eef4684e-906d-39f8-8e15-2af17a1554de,a1a024f0-95e2-3db4-a771-e2f17c5da162,Arturo47 Schmidt332,M,GENERAL PRACTICE,18 NEWTON ST,BROCKTON,MA,23015115,42.0785392,-71.02602473630952,225,0,9999969899
208e9cb2-8480-3718-87fe-8dccf7954597,dd23b7d3-7275-3140-a984-1bfb9b8c4da1,Marc757 Kreiger457,M,GENERAL PRACTICE,2 KIRKAT WAY,NEW BEDFORD,MA,27441052,41.6362152,-70.934205,338,0,9999955195
5c04bbde-e375-3f91-8855-4751ee5c36fd,aad05540-c9cb-3805-b3c4-f9b9d9b42b2e,Quentin28 Fritsch593,M,GENERAL PRACTICE,821 E MAIN ST STE 3,CHICOPEE,MA,10206306,42.15577479530051,-72.55672263289513,33969,0,9999942896
6b85aca7-dc9b-3c84-9f4e-4a616aad0a51,ce3b504c-f15c-3bcf-ba6e-dcb551cc7d7f,Denisha680 Schmitt836,F,GENERAL PRACTICE,112 SOUTHAMPTON ST,BOSTON,MA,21182711,42.33240995,-71.06915010706255,3921,0,9999979492
9d797c5e-bc80-371d-ba5b-a5ed3be4f38e,eea92149-820f-301f-911e-b170e8312842,Marcy588 Hamill307,F,GENERAL PRACTICE,123 SUMMER STREET,WORCESTER,MA,16102177,42.26496835,-71.79655403681465,151,0,9999997791
71e9471f-cb5e-3735-944e-adbf63ff1a0b,19a3afba-b409-3650-a0ab-f3faf6e391ef,Haywood675 Strosin214,M,GENERAL PRACTICE,199 REEDSDALE RD,WALTHAM,MA,24511433,42.3756401,-71.2358004,1034,0,9999985895
14baf325-d216-36a9-8f0f-f7e78c2ff2b9,0e9d0119-1157-35a0-8bb5-7e0aa3041928,Rosa195 Cervantes583,F,GENERAL PRACTICE,1049 MAIN STREET,SPRINGFIELD,MA,11032114,42.09977055,-72.58470990760483,6509,0,9999979997
47a37f2c-8f17-3ded-939a-17fd26257852,83a08dcf-7ed6-3d2e-afc0-a72c05d2563c,Thaddeus38 Stiedemann542,M,GENERAL PRACTICE,755 MAIN ST,HAVERHILL,MA,18302166,42.797835,-71.0878121,5435,0,9999972794
24216bfb-831e-36c1-b88d-ac65965d64fd,25c85bcc-7e25-36bc-89e8-08e0d473db23,Sharron285 Okuneva707,F,GENERAL PRACTICE,138 S MAIN ST STE 14,MILFORD,MA,17573272,42.1270746,-71.51639128815474,44206,0,9999945899
7a1aa35f-6235-3f02-96be-05d54f422651,b90ee64e-4559-32db-97d7-0341740a71f1,Thanh759 Cartwright189,M,GENERAL PRACTICE,123 SUMMER ST,WORCESTER,MA,16081216,42.26496835,-71.79655403681465,2473,0,9999970897
1a458eeb-e738-3817-b200-1f3de05d91aa,671a8184-bf6f-3ec2-b307-3ff70e604912,Carrol931 Hyatt152,M,GENERAL PRACTICE,405 GROVE ST,WORCESTER,MA,16041086,42.28737115,-71.80791697272812,1017,0,9999968396
939c1598-a3d5-30ce-b719-070da1a7a442,c9aabcbd-d4e0-391f-8980-d0be6934ea82,Lindsay928 Leffler128,M,GENERAL PRACTICE,340 PLEASANT ST,BROCKTON,MA,23013236,42.08764334999999,-71.03287346676532,9286,0,9999950196
602bcf05-1783-361d-ab2a-37aaebd90d7c,6ff4bb75-c014-3f73-a574-620cf1538d85,Manda751 Hamill307,F,GENERAL PRACTICE,250 GREEN ST,GARDNER,MA,1440,42.586896550000006,-71.98672640006858,51,0,9999968792
9329e4da-d96f-398f-a6f7-24214596b9c3,2fb77691-5353-358a-bc94-90af77dd654b,Isabela97 Duran646,F,GENERAL PRACTICE,200 GROTON RD,AYER,MA,14321168,42.57735215,-71.57414587343038,831,0,9999989699
62cc2f4d-58ca-3af2-9ac8-2bd1d036dfcb,d6c165ec-d9ca-35a5-9bc8-2061cbfb83a2,Stuart913 Lynch190,M,GENERAL PRACTICE,10 ADAMS ST,NORTH CHELMSFORD,MA,18631780,42.6389249,-71.3840196,686,0,9999968693
22e70e23-173d-319e-880d-e3dfcef3d4e4,cbebae9e-f95e-3d2c-9712-289ea8d6aeec,Xochitl483 Haley279,F,GENERAL PRACTICE,49 ROBINWOOD AVENUE,QUINCY,MA,21698130,42.2509914,-71.0037374,1424,0,9999991398
1e8b88a8-393c-3cb7-97f5-888457b2db9c,1cec4304-9757-3a10-ad4f-7e2090c56131,Theo630 Rohan584,M,GENERAL PRACTICE,55 LAKE AVE N,WORCESTER,MA,16550002,42.2774799,-71.76166994969458,10628,0,9999987693
16e43b79-034f-3ee1-9bd6-a56f24e0925f,5862e05c-9533-3f7a-8f73-215d50f5ee2f,Emilio417 Barton704,M,GENERAL PRACTICE,1200 CENTRE ST,ROSLINDALE,MA,21311000,42.29768,-71.130463,540,0,9999992990
f0387c8c-ad38-32f1-8091-9676dfc030d7,f646a4e8-340f-3204-bee5-ef23f4da97c5,Bernie827 Cassin499,M,GENERAL PRACTICE,299 CAREW ST STE 234,SPRINGFIELD,MA,11042368,42.115589400000005,-72.59283074638886,1232,0,9999948299
eed99801-3b8b-3d1a-83fb-34588e6595c6,a8f1424c-00bc-3403-8db5-cd600978f3a4,Corazon138 Bogan287,F,GENERAL PRACTICE,8 BURNHAM ST,TURNERS FALLS,MA,13761816,42.6042523,-72.5564777,18191,0,9999965293
2d2a572f-e73a-3e88-b671-d4bcf56febc0,55809329-c479-30a9-824e-4768d46c0244,Shanon591 Fadel536,F,GENERAL PRACTICE,280 MERRIMACK ST STE 103,LAWRENCE,MA,18431780,42.70271530167854,-71.14888290326759,793,0,9999954495
23047120-6d56-3a32-9c89-292c7c5d8f3a,411f14a5-de79-3e08-81d6-301270cc2275,Fredrick998 Harvey63,M,GENERAL PRACTICE,64 CONCORD STREET,WILMINGTON,MA,18872179,42.55962465,-71.13772203658047,8804,0,9999964494
0f49b1dd-b74a-39e3-a3c6-72538bfc1ec5,471f7ca2-38f8-3080-8109-187c73ec0b1f,Collin529 Johnson679,M,GENERAL PRACTICE,27 CONGRESS ST,SALEM,MA,19707308,42.518722068313224,-70.88940635956651,11501,0,9999974998
d99f74ac-9d39-3316-8239-26962bbd0379,a5577e5c-b886-37a0-8eee-8ff6feb7ea6b,Leopoldo762 Keebler762,M,GENERAL PRACTICE,330 MOUNT AUBURN ST,CAMBRIDGE,MA,21385502,42.3741033,-71.13417575971958,1424,0,9999987198
27ec55b6-858d-35aa-9593-7a54c4f61747,20df65a4-7567-3066-b680-0f71b0c31d38,Kristina583 Bashirian201,F,GENERAL PRACTICE,242 GREEN ST,GARDNER,MA,14401336,42.58685735,-71.98748072431209,22,0,9999992495
17fdcb37-46f0-356d-b7fc-de234bac8627,5581e43d-0463-3a0b-afc7-a60aea5ac96c,Brock407 VonRueden376,M,GENERAL PRACTICE,57 RIVER RD,ANDOVER,MA,18101144,42.69112645,-71.19636086287642,14575,0,9999976597
92cf33cf-125b-3a86-8bc9-02f83b0bb609,ff8a25dd-fd83-30fc-a1ee-66455ec0dd82,Duane703 Gorczany269,M,GENERAL PRACTICE,3 EDGEWATER DR,NORWOOD,MA,20624642,42.16067115,-71.20186905283774,1433,0,9999950998
ddc2c1c2-3d47-3926-bd71-637a6e29cfc1,6ea4d3d6-d820-387a-a3d1-ed5944ad47a2,Fabian647 Larkin917,M,GENERAL PRACTICE,232 PLEASANT ST,METHUEN,MA,18447152,42.7397562,-71.17113575205717,11040,0,9999950899
7c6c8e65-0a1b-3c33-b226-2abd0a078fc5,9b8a7a25-b923-3710-9f3c-d42919a3f54f,Heriberto162 Ondricka197,M,GENERAL PRACTICE,146 MAIN ST,MAYNARD,MA,17542651,42.4309786,-71.4552968,5992,0,9999952291
ef8a233c-1444-3a17-9839-3765905f57b6,62b55e5b-b58f-354d-8f2d-f2a330bc619e,Paz9 Gerlach374,F,GENERAL PRACTICE,201 HIGHLAND ST,CLINTON,MA,15101037,42.42738865,-71.69329092351188,648,0,9999988592
e8436cbb-822d-308a-92d6-93e15ae233b6,966245ce-e84d-36b0-a838-2e0b5bb2e668,Refugio197 Crooks415,M,GENERAL PRACTICE,1425 BLUE HILL AVENUE,MATTAPAN,MA,21262122,42.2754929,-71.09384131587021,2109,0,9999974790
830dbe94-9771-323f-acb3-523f6c7d74e1,5b20f93b-fde3-34e2-a878-729686a22042,Setsuko288 Strosin214,F,GENERAL PRACTICE,1 BOSTON MEDICAL CTR PL,BOSTON,MA,22151394,42.3554334,-71.060511,298,0,9999971697
4e040e92-6ed0-3f5e-9e27-d615a14dae9d,58d6127e-ee48-37c3-9f2d-dcd3c050fb25,Douglass930 Gutmann970,M,GENERAL PRACTICE,73 RUSSELL RD,HUNTINGTON,MA,10509777,42.2244752,-72.8709216,427,0,9999977892
28e47408-760e-30f8-9b50-3572b285aa68,b574fc4f-313c-38a4-9baf-7e12e431a499,Steven797 Schulist381,M,GENERAL PRACTICE,511 W GROVE ST,MIDDLEBORO,MA,23461479,41.90036455,-70.9535889372234,7527,0,9999959296
ff372fc7-db89-3083-8909-50f04675c28f,9dbd44ba-59b2-3d1d-ac91-3880af8081d2,Rob341 Larson43,M,GENERAL PRACTICE,529 MAIN ST STE B,ACTON,MA,17203965,42.4878132338563,-71.43046999422496,26573,0,9999952390
bd6fe00e-a3bf-3bc5-923b-bfa3a13e4291,2bde75a8-708f-3930-8d57-100ab365d413,Sunny31 Gleason633,F,GENERAL PRACTICE,173 WORCESTER ST,WELLESLEY,MA,24815521,42.2964859,-71.2925571,2621,0,9999958090
79f71774-4cd1-3e27-87a5-74bcf4a91171,b7866c75-5e56-36b0-b9c5-c63051677b69,Neida631 Skiles927,F,GENERAL PRACTICE,45 RESNIK RD,SANDWICH,MA,2563,41.7579043,-70.4968152,75,0,9999966093
53fab02e-1ecf-3d6c-8ad2-54b7c9e4708f,b5e54a54-ad38-39f3-a5d4-6e73e5d76d2d,Dennis979 Rempel203,M,GENERAL PRACTICE,44 FRONT ST FL 3,WORCESTER,MA,16081722,42.2625621,-71.8018877,573,0,9999954396
ed2340f4-59d9-3ff2-aa79-c6cc6a39c00b,9656a864-3b93-356f-9fa6-d7988e249977,France571 Feil794,F,GENERAL PRACTICE,950 N MAIN ST STE 203,RANDOLPH,MA,23683064,42.1871612,-71.0568102,25172,0,9999943894
44828815-5d42-3cef-a664-486ea53e2514,4eddfa13-f996-3048-9bbc-541b0a29038a,Vince741 Schmidt332,M,GENERAL PRACTICE,736 CAMBRIDGE ST,BRIGHTON,MA,21353601,42.348649949999995,-71.14799584850206,9134,0,9999955690
b1ebaa37-e93d-300a-8ae2-5b91d3ef17bc,845fbd9b-2d1c-39a8-8261-28ae40e4fab2,Sam879 Rippin620,F,GENERAL PRACTICE,14 PROSPECT STREET,UPTON,MA,15681431,42.1700209025178,-71.59409308099494,1641,0,9999998294
3be13aa6-70e8-3343-aeae-f30995dbd5de,bac9dc0c-cb0f-3fa6-aa12-819dd0fb922a,Floy720 Greenfelder433,F,GENERAL PRACTICE,1493 CAMBRIDGE ST,SOMERVILLE,MA,21452935,42.3875968,-71.0994968,832,0,9999993196
c6f3ac66-0ad5-3f69-8291-cfeefba8a0f3,84d5768f-3a21-3da9-aad2-bbf7a3ae2700,Elba502 Schneider199,F,GENERAL PRACTICE,817 MERRIMACK ST,LOWELL,MA,18543548,42.650296999999995,-71.32263756223612,4719,0,9999957191
c9dc806c-024a-3aed-a17f-2c727bb2c8fa,af8566eb-8918-3ec7-ba44-92b6a2cf8097,Madelaine318 Walker122,F,GENERAL PRACTICE,81 HIGHLAND AVE,SALEM,MA,19702714,42.5112107,-70.90516241826194,1663,0,9999987297
8edcf30e-436e-3a9a-96d8-05c148cb29ab,ecd3b321-0a8a-3ce6-81f0-982dd77fce43,Tracie996 Lesch175,F,GENERAL PRACTICE,25 HIGHLAND AVE,NEWBURYPORT,MA,19503867,42.81369325,-70.89091645747592,16,0,9999994095
90302f5c-8b25-347d-b3ad-4ab665a7593b,0ebe55cb-ce87-31fb-bced-cfe11130b290,Phung894 Williamson769,F,GENERAL PRACTICE,464 HILLSIDE AVE,WEYMOUTH,MA,21893104,42.2212188,-70.9391625,2764,0,9999970590
36c5b7b7-df08-3e47-b94d-9e94a0faf7fb,2fbb592e-2154-3a4d-856e-467d7ba5bed7,Cora299 Pagac496,F,GENERAL PRACTICE,780 MAIN ST,GREAT BARRINGTON,MA,12302148,42.17823835,-73.36310566431717,44,0,9999972190
5e17d292-c704-34cd-bfe8-5b799a9aaf95,4f5e8f16-a31b-3071-8556-d7188ede313d,Micaela928 Ayala238,F,GENERAL PRACTICE,575 BEECH ST,HOLYOKE,MA,10402223,42.20105435,-72.628169560868,3154,0,9999993295
f4f5d329-0b29-351a-9f4f-5a9f177d2003,69cb2157-b620-3c51-9c94-f516462d2d55,Luther918 Schroeder447,M,GENERAL PRACTICE,11 WATER ST,ARLINGTON,MA,2476,42.41642055,-71.15424293038585,7336,0,9999967893
ee943163-b61e-3f44-afff-93b2c83ec999,ae3eab22-8868-37bb-9a59-2b8bfe14bf34,Minh326 Smitham825,M,GENERAL PRACTICE,2033 MAIN STREET,ATHOL,MA,1331,42.58522105,-72.20868129339888,1569,0,9999986695
3ced85f8-270a-3e1b-9d1c-6379a545f6e6,218e58e4-9642-3ebd-9b39-34d15f22c620,Jamie386 Lowe577,M,GENERAL PRACTICE,977 MAIN ST,WALTHAM,MA,24517406,42.376452150000006,-71.25063779999999,12727,0,9999956490
2e3cce91-185e-3e70-8bad-838c1d34cef5,9a20d707-68e4-32c0-b2b2-2f5d5c2012cd,Gerard367 Pouros728,M,GENERAL PRACTICE,131 CAMBRIDGE ST STE 1,BURLINGTON,MA,18033711,42.50284395,-71.19574553661971,11219,0,9999942094
bf505ef7-b905-380b-b3de-9220ed2f54a0,f90ef475-defe-363d-a926-573b38f804a2,Kristopher775 Schiller186,M,GENERAL PRACTICE,54 HOPEDALE ST,HOPKINTON,MA,17481672,42.2288875,-71.5196439,12826,0,9999948398
cfbc5fff-ba5f-32bb-b118-b9e6567961fd,071a898d-3535-39fd-bf61-d33301aacd04,Jefferey580 Luettgen772,M,GENERAL PRACTICE,104 CHARLES ELDRIDGE RD,LAKEVILLE,MA,23471370,41.8459353,-70.9494854,3658,0,9999959098
009fbfeb-5819-3b6d-b47c-c3adc7143484,b4ca31a9-9d34-3ea1-93c4-443941622304,Emory494 Nicolas769,M,GENERAL PRACTICE,102 MAIN ST,GREENFIELD,MA,13013224,42.5879173,-72.6055828841603,14910,0,9999982496
49bfd015-79bd-39f8-9aac-3324c888219b,43ee6bb5-8efa-3bfc-8ca8-1579a5267753,Shawanna357 Roob72,F,GENERAL PRACTICE,235 N PEARL ST,BROCKTON,MA,23011794,42.09805395,-71.0609587194362,187,0,9999988691
73c8bd0c-fbbb-35c3-ba53-eed4ac326ca5,63b93742-6c13-3309-92b6-f7c858e9f320,Marietta439 Schmeler639,F,GENERAL PRACTICE,77B WARREN ST,BRIGHTON,MA,21353601,42.348002699999995,-71.14205064012461,2896,0,9999970392
20f8160d-8c91-3a0c-a3b7-6beaacb4af41,05fcf001-ab24-3d7d-85f7-f64942d82738,Leonarda398 Schumm995,F,GENERAL PRACTICE,250 POND STREET,FRAMINGHAM,MA,17014592,42.2838619,-71.4093719,2100,0,9999989798
84505447-6ad2-3569-9d1d-772a8b20d84c,8789c07e-d15d-378d-ba2b-d2b49ebb6db4,Monty345 Bosco882,M,GENERAL PRACTICE,800 WASHINGTON ST,WOBURN,MA,18011976,42.4946907,-71.1242899,2449,0,9999966291
832a94d4-8e56-3319-a68a-320ce6c1b1f1,e87cda4c-1ad8-3a9e-b55f-7bfe987610ce,Josh874 Bechtelar572,M,GENERAL PRACTICE,326 NICHOLS RD,FITCHBURG,MA,14201914,42.5974358,-71.80761197366103,1241,0,9999978692
ee034051-f586-391b-97bb-4b5d67254ec7,e7b77e8f-b607-3273-aef9-ad1bca48813f,Ivonne773 Turcotte120,F,GENERAL PRACTICE,209 W CENTRAL ST STE 216,NATICK,MA,17603716,42.28202598359604,-71.3899479380402,10400,0,9999944090
4e168c4c-a588-38df-bd01-1807ed95e345,05cd3fbb-08ce-38bf-b680-721a3e902d43,Lita714 White193,F,GENERAL PRACTICE,9 WARREN CT,SALEM,MA,19703163,42.51586993877551,-70.90514912244899,4597,0,9999961797
099192d8-9450-31ad-afaf-0802905d2c91,0e3a24c3-b772-3059-b3fd-8a4710068a82,Rex53 Gerhold939,M,GENERAL PRACTICE,416 BROADWAY,RAYNHAM,MA,27671737,41.9406808,-71.07864352196617,8088,0,9999964890
6ce0504a-fdc9-388f-a5ce-165a783eb77a,28d71598-85eb-3a0e-90c1-22e0be1af57c,Sammie902 Hermann103,M,GENERAL PRACTICE,38 MULBERRY ST STE 204,NORTHAMPTON,MA,10602832,42.35436315,-72.70256804599192,67,0,9999950592
bee079dd-550a-3292-a390-c51639ac4134,a537b406-fdfa-36b4-84da-12512e7e6c63,Margrett284 Davis923,F,GENERAL PRACTICE,795 MIDDLE ST,STOUGHTON,MA,20721829,42.1252079,-71.1022015,121,0,9999987495
0ab76390-d086-3e39-8174-f54a37a910e9,d24e558b-6659-3c62-bfa7-938aa245c8a8,Francisco472 Crooks415,M,GENERAL PRACTICE,4 COURTHOUSE LANE SUITE 1-3,CHELMSFORD,MA,18241737,42.62439345,-71.35881000636567,1131,0,9999953893
7e7f8d9c-7a65-30c9-9bb6-482688ff6374,e5d50afe-8c7d-35f5-96f5-fb8941403b0f,Amparo58 Hayes766,F,GENERAL PRACTICE,125 S CLARK ST STE 900,FALL RIVER,MA,2722,41.74223,-71.129706,8546,0,9999941898
2764cdae-ba41-341b-b9ee-352f128052a2,4a2eeae3-1d8f-3933-b177-f8b74b103338,Jacobo456 Zayas20,M,GENERAL PRACTICE,17 COURT ST,BOSTON,MA,21082601,42.3590416,-71.0583916,1249,0,9999979195
fdc3daf2-0865-3e83-95dc-8355ef91ca6d,7baecfbc-ac9c-3f96-9db7-6453ab224b73,Ken316 Kerluke267,M,GENERAL PRACTICE,675 MAIN ST,MELROSE,MA,2176,42.4586199,-71.0629807,1257,0,9999970798
3958a252-ba17-3831-9c92-121b2fdefdd3,9adfae03-673d-365d-9052-f705098fa3e4,Daniel959 Wolff180,M,GENERAL PRACTICE,51 BLOSSOM ST,BOSTON,MA,21142699,42.36305545,-71.06643399281765,2224,0,9999990093
a4e873bb-0dc1-3401-998e-393772596df2,48a07866-e8d7-3268-aa3c-ca3237c8e6f3,Moshe758 Stamm704,M,GENERAL PRACTICE,188 PROVIDENCE ST,HYDE PARK,MA,21361861,42.2682551,-71.12174592925336,12142,0,9999965392
00f5e02e-61e9-3a62-a262-dd12c8f5ca97,9f85a8c8-007c-3490-a7b7-4a0324c13307,Augustus49 Robel940,M,GENERAL PRACTICE,70 FULTON ST,BOSTON,MA,21091402,42.362439499999994,-71.05377386223965,3201,0,9999943795
3934d570-505c-31f0-83dd-86553e2c6220,25431f9a-00e4-36d8-9810-4125328eec50,Kati243 Ruecker817,F,GENERAL PRACTICE,55 FRUIT ST,WALTHAM,MA,2451,42.3756401,-71.2358004,1076,0,9999996496
be47b16e-6a16-3759-8ae8-a5f53dfd9c55,89171335-b9c0-3326-98d6-a837d432b9fd,Marcela739 Alonzo487,F,GENERAL PRACTICE,150 FLANDERS ROAD,LYNN,MA,19042915,42.466763,-70.9494939,476,0,9999988295
0c3b5eac-722b-3d62-baf4-58e546c3e718,7cd7fc5c-3fa7-3b6e-b3c9-0dbaec2a3470,Isabel214 Sotelo656,F,GENERAL PRACTICE,505 FRONT STREET,CHICOPEE,MA,10133140,42.14871685,-72.59756969862315,6028,0,9999981795
d467fdb1-59c1-3210-86ca-eb5716bed9d5,c1a85a41-6758-3edc-95ec-238b8ac72a40,Alfredo17 Lesch175,M,GENERAL PRACTICE,65 CENTRAL ST,GEORGETOWN,MA,18332112,42.7211656,-70.99324119227308,516,0,9999962399
6e697f7e-5c40-36af-8a1f-14e1deb8fa2d,979d5316-97f4-335d-af9d-d0afba85dc6a,Jolyn4 Borer986,F,GENERAL PRACTICE,57 PROSPECT ST,NANTUCKET,MA,25542799,41.27514065,-70.10108985970798,5,0,9999988998
049f95b5-6411-36d6-8267-d101cc08e772,1484fc69-2eb0-3bba-8656-d5ead4973895,Kareem959 Schaefer657,M,GENERAL PRACTICE,260 MERRIMAC ST,NEWBURYPORT,MA,19502192,42.817380099999994,-70.88125573659471,457,0,9999956797
7c777daf-d220-38de-9e4a-88988baf81a3,d0534259-63f4-3e61-b66f-dff6d6f655f1,Georgina806 Boyer713,F,GENERAL PRACTICE,555 TURNPIKE ST,NORTH ANDOVER,MA,18455935,42.665488999999994,-71.11617940933073,716,0,9999963199
931e96b1-29b7-3045-94a4-cd6a0649e80d,217cb6f6-e822-3831-9d9d-ffa104971042,Luther918 Jakubowski832,M,GENERAL PRACTICE,2 REHABILITATION WAY,WOBURN,MA,18016003,42.46352265,-71.161925472006,1011,0,9999989897
d94d7004-7dd0-31b5-a7f5-62a14a0a0d56,4e56c7ec-99e5-3023-8e4f-95ad18a03f06,Duane703 Bosco882,M,GENERAL PRACTICE,28 RIVERSIDE DR STE 101,PEMBROKE,MA,23594947,42.11004715,-70.77534154695786,25699,0,9999942599
aadd9bf1-509e-3938-9413-561c28f3ddfc,e2a8b444-9b8f-36ff-84c4-05ee98589482,Francisco472 Gusikowski974,F,GENERAL PRACTICE,8 SHIPWAY PL # C-8,CHARLESTOWN,MA,21294301,42.3778749,-71.0619957,49632,0,9999947796
4ce50e30-9814-3392-bdbf-1d08a464fe36,71f4c23f-7559-31ff-8f42-a672e80b85a2,Sallie654 Jast432,F,GENERAL PRACTICE,300 FIRST AVENUE,WESTBOROUGH,MA,15812831,42.2694308,-71.6129907,1030,0,9999996298
fc51e5a2-a9c5-35d6-85a5-2ac99ca544a6,e0cc7e8e-e1a4-3a02-b589-0a35741d39fe,José Luis472 Guerrero997,M,GENERAL PRACTICE,990 PARADISE RD,SWAMPSCOTT,MA,19071831,42.48374535000001,-70.90120467000462,5333,0,9999954693
4f20b023-f5a5-3ae9-b98d-10058566dae7,43f37d29-0bcb-3d84-b9c0-9ee4f2485ff2,Boris111 Romaguera67,M,GENERAL PRACTICE,168 WALTON RD UNIT 19,ROWLEY,MA,19692014,42.7136977,-70.8818364,3403,0,9999941294
73bd80a9-71f5-360c-b1cb-999a5542d06b,db60692f-cbef-315b-9fce-38a7f015c482,Kathi607 Hilpert278,F,GENERAL PRACTICE,72 SHARPE STREET,SCITUATE,MA,20664534,42.1939754,-70.7697128,13530,0,9999960591
a3e34819-b986-30c9-a34b-d3ed4d2b51d8,883f57b8-89c6-3dc4-b6da-047705c88623,Blanche121 Bailey598,F,GENERAL PRACTICE,363 HIGHLAND AVE,FALL RIVER,MA,27203703,41.7093779,-71.1460783680883,9,0,9999994996
1ce6fa48-9b86-3f8c-8723-d5f4a0d23d11,9ba25035-53e5-344b-9b9e-94331a58d1d4,Norma469 Suárez24,F,GENERAL PRACTICE,420 MAIN ST,WALPOLE,MA,20812553,42.161882199999994,-71.2388707178431,10370,0,9999968891
9909a089-dd57-3fe9-91a0-1af28887715a,0a2252ba-33de-322f-8f0a-e5b0141f1780,Olivia294 Barraza113,F,GENERAL PRACTICE,632 BLUE  HILL AVENUE,DORCHESTER,MA,21213213,42.2941088,-71.0885355,7185,0,9999976894
2a231184-175f-3642-b793-e19b36cfc466,f3a64526-e8aa-36bb-ac9a-4a6b9fd7d0f6,Greg949 Corkery305,M,GENERAL PRACTICE,385 GROVE ST,WORCESTER,MA,16062726,42.286333299999995,-71.80745147942015,1284,0,9999959593
6b4d9126-be42-3987-ba09-8b4433432740,2fc3d86d-4194-3ad1-bb8a-99d5d34119a1,Delinda651 Krajcik437,F,GENERAL PRACTICE,300 CONGRESS ST STE 203,QUINCY,MA,21690907,42.2345525,-71.01493330273374,13429,0,9999948497
33894ad5-90f8-3388-967d-14ee1a6852ec,e1892a2c-6dca-3c4c-93b7-0e00a9eb8b61,Maragaret140 Erdman779,F,GENERAL PRACTICE,20 EAST ST,HANOVER,MA,23391638,42.1278249,-70.82664947485381,38187,0,9999954990
25a0b99c-c437-3b2d-93d1-07d79db4ce70,67cade01-dcfe-37b7-8e2c-b712d9e6fbba,Terrence276 Wintheiser220,M,GENERAL PRACTICE,694 MAIN ST,HOLDEN,MA,15201862,42.3406819,-71.8390289,4053,0,9999957498
4033c4b1-6f7c-348e-897c-a768eb08b0a0,11a40a26-a5a3-331d-aef0-d06dd90e2b4e,Len277 Wintheiser220,M,GENERAL PRACTICE,10 OSTERVILLE WEST BARNSTABLE RD,YARMOUTH PORT,MA,26752000,41.7020544,-70.249465,64,0,9999947994
3145b0cb-dbdb-3f50-be1c-416d1dcaa072,9f368e75-397f-3d77-a317-9a005512a4e2,Alta896 Pfannerstill264,F,GENERAL PRACTICE,381 PARK AVE,WORCESTER,MA,16101026,42.2583962,-71.82204240042036,7185,0,9999950493
1a1c0d0c-0ece-331e-99cd-a6d95ff926f5,0dfa7ab2-4acc-360c-ab55-beb8e38a8c1d,Maria750 Osinski784,F,GENERAL PRACTICE,36 CORTADGE PARK,PLYMOUTH,MA,23607320,41.9426657,-70.7618592,6034,0,9999942193
400a8873-b7ad-3af3-a6e7-cb62c54a864a,01222fd8-89bf-3d48-a0ed-95f572bb622c,Reinaldo138 Dach178,M,GENERAL PRACTICE,345 COURT ST STE LL2,PLYMOUTH,MA,23604329,41.97592055,-70.68653014146545,2354,0,9999942292
3ab50f48-da30-3a2b-8beb-1b4572ae34dd,19f958ef-57cf-33c1-b068-14b32a980813,Aura483 Bruen238,F,GENERAL PRACTICE,155 BROADWAY RD,DRACUT,MA,18262754,42.67578279999999,-71.29320171860073,4227,0,9999963595
4588e30d-5cb3-306a-98d3-0cfff0736c02,da2e8443-a0d6-3e87-b651-e2697615f4b5,Rutha66 Bergstrom287,F,GENERAL PRACTICE,2000 WASHINGTON ST,NEWTON,MA,24621624,42.332192250000006,-71.24597794166553,4541,0,9999968099
b353b21a-065f-3501-b835-0dc7021d5bd7,035b7574-2fec-3922-8b57-2388164422e6,Alfredo17 Reichel38,M,GENERAL PRACTICE,874 PURCHASE ST,NEW BEDFORD,MA,27406232,41.636177,-70.926054,916,0,9999978791
718b785d-0033-3893-82ab-4fa78dc29762,941fb26d-4d24-30af-9c1b-fe0aa8e70cfa,Ignacio928 Veum823,M,GENERAL PRACTICE,1 GENERAL ST,LAWRENCE,MA,18412884,42.7097143,-71.15007700778098,490,0,9999975599
6691b78d-c258-3d6b-8d94-b01985246467,486bf543-9696-3d51-aa70-28a3044ce490,Chad48 Weissnat378,M,GENERAL PRACTICE,777 NORTH STREET,PITTSFIELD,MA,12014147,42.46054825,-73.24880457390918,150,0,9999973396
a8750c26-c97a-326f-806d-4f7de305d6ce,ebdc1c70-475d-3e06-9d1c-7b6a007ae9a6,Janine159 Gulgowski816,F,GENERAL PRACTICE,61 LINCOLN ST,FRAMINGHAM,MA,17028264,42.2834291,-71.4175609,242,0,9999954594
78d01902-f3f6-3a23-9efe-bce8938770b1,91808f17-7583-32a3-aa55-23b131b327c7,Jospeh459 Wunsch504,M,GENERAL PRACTICE,200 CORDWAINER DR,NORWELL,MA,20611671,42.16352995,-70.8846291501739,27779,0,9999953299
d1425106-8e19-3715-8926-6ee1be3ae390,587f07bd-7d69-3291-9aea-abef74f30045,Pearl430 Davis923,F,GENERAL PRACTICE,228 ALMONT ST,MATTAPAN,MA,21261487,42.2805395,-71.09839825,3633,0,9999941591
aa777f87-978c-3528-9c3c-1aaad52848ab,76baa51d-0d0f-359d-a07b-7b999a43d42e,Lincoln623 Gibson10,M,GENERAL PRACTICE,101 STATION DR STE 240,WESTWOOD,MA,20902336,42.20728361922244,-71.15698168263435,4679,0,9999951699
d9792095-ef32-3273-8b87-8892a9cad32d,53f086de-2fc7-3d35-92c2-aca4ed944e7f,Chang901 Kutch271,M,GENERAL PRACTICE,1 GENERAL ST,LAWRENCE,MA,18412961,42.7097143,-71.15007700778098,2990,0,9999995191
b4fafe2a-8b6a-370b-818e-264b77867faa,de2ceae4-ddad-3174-9a1b-f32ea37e53f8,Quinton758 Jaskolski867,M,GENERAL PRACTICE,107 LINCOLN STREET,WORCESTER,MA,16052431,42.276415099999994,-71.79469158738553,18,0,9999999490
fbbe94a3-9231-3cc7-956f-d57dcdab1492,c709c5eb-ddd7-3778-84f7-0931a4d1c718,Jim478 Goyette777,M,GENERAL PRACTICE,1200 CENTRE ST,ROSLINDALE,MA,21311000,42.29768,-71.130463,473,0,9999985796
a1504b88-d65a-3298-af66-a192d5da7962,8d81bd8c-ad6c-37f7-95c9-75fd3de24e86,Clare187 Marquardt819,F,GENERAL PRACTICE,118 MAIN ST,STURBRIDGE,MA,15661533,42.0905134,-72.06606362965572,81,0,9999953794
1ba310bc-daf2-3961-836f-192dafd68896,c0cc8f8d-a479-3f83-9e1f-1fd556b944ef,Lu473 Heathcote539,F,GENERAL PRACTICE,250 PARADISE RD,SWAMPSCOTT,MA,1907,42.47638005,-70.91253402512964,2549,0,9999971895
23c04be2-2055-3bf1-aa8d-389e7222e27b,ac0fde88-b0ad-3388-a4a8-b8fc2a4f4af2,Bobbye345 Wuckert783,F,GENERAL PRACTICE,150 YORK STREET,STOUGHTON,MA,20729105,42.1446468,-71.09875876961266,970,0,9999999698
21cc91aa-401e-3ea1-a372-fb734d4387de,0e061004-bcc0-3e99-a237-d700823e817b,Cesar434 Lehner980,M,GENERAL PRACTICE,570 BALDWINVILLE RD,BALDWINVILLE,MA,14361351,42.5953045,-72.07447782689232,142,0,9999956599
4b855267-f495-3b58-b4ff-88ccf79d2a46,d70d47dc-b40c-3a04-8342-35cbfe716409,Marcelino726 Hilpert278,M,GENERAL PRACTICE,83 LITTLEFIELD RD,NEWTON,MA,24593010,42.3104327,-71.18883283411856,10237,0,9999970095
f1031915-9574-3388-bdc7-54b025814fda,047f6113-bd42-353b-8368-cf2352868915,Neal874 Schimmel440,M,GENERAL PRACTICE,62 WALNUT ST FL 2ND,WELLESLEY,MA,24812109,42.2964859,-71.2925571,2806,0,9999945196
918641af-0ab8-35b1-9418-430b05b3c071,c67ca7ed-4769-3b6c-a0a9-993f1227ff10,Allen322 Veum823,M,GENERAL PRACTICE,1 BLACKBURN DR,GLOUCESTER,MA,19302237,42.6269312,-70.65555242413386,108,0,9999951491
44b56df5-91ad-3203-b18d-b44bb8cbe26a,612fb151-095d-3d11-942b-5907216f4dbb,Colin861 Crona259,M,GENERAL PRACTICE,34 HAVERHILL ST,LAWRENCE,MA,18412884,42.71186535,-71.15197382279813,1497,0,9999976498
9cc41d44-2ada-3c54-8359-c58aa469b933,ba07b31b-bf14-39b8-be95-4c5ca5062daa,Kim439 Hyatt152,M,GENERAL PRACTICE,1575 CAMBRIDGE ST,CAMBRIDGE,MA,21384308,42.375209549999994,-71.10711344152975,1187,0,9999992099
c2181c1a-8971-377d-ab54-fa8433c674c3,6aae7a31-90df-3455-ad8d-81f8cf2d21e8,Houston994 Funk324,M,GENERAL PRACTICE,680 CENTRE ST,BROCKTON,MA,23023308,42.0872752,-70.9910738855076,2273,0,9999987594
53fd5d60-8ac1-3043-80f7-02cf52ae6d9c,14036728-b721-3e4b-8755-8ee8ab6ed15e,Melodie819 Schmeler639,F,GENERAL PRACTICE,625 MOUNT AUBURN ST,CAMBRIDGE,MA,21384518,42.375351,-71.1468628,11334,0,9999958892
